<?xml version="1.0" encoding="UTF-8"?>
<root>
  <item name="com.urbanairship.analytics.Analytics int getComponentGroup()">
    <annotation name="androidx.annotation.IntDef">
      <val name="value" val="{com.urbanairship.AirshipComponentGroups.NONE, com.urbanairship.AirshipComponentGroups.PUSH, com.urbanairship.AirshipComponentGroups.ANALYTICS, com.urbanairship.AirshipComponentGroups.MESSAGE_CENTER, com.urbanairship.AirshipComponentGroups.IN_APP, com.urbanairship.AirshipComponentGroups.ACTION_AUTOMATION, com.urbanairship.AirshipComponentGroups.NAMED_USER, com.urbanairship.AirshipComponentGroups.LOCATION, com.urbanairship.AirshipComponentGroups.CHANNEL, com.urbanairship.AirshipComponentGroups.CHAT, com.urbanairship.AirshipComponentGroups.CONTACT, com.urbanairship.AirshipComponentGroups.PREFERENCE_CENTER, com.urbanairship.AirshipComponentGroups.LIVE_UPDATE, com.urbanairship.AirshipComponentGroups.EXPERIMENT, com.urbanairship.AirshipComponentGroups.FEATURE_FLAGS}" />
    </annotation>
  </item>
  <item name="com.urbanairship.analytics.Analytics void registerSDKExtension(java.lang.String, java.lang.String) 0">
    <annotation name="androidx.annotation.StringDef">
      <val name="value" val="{com.urbanairship.analytics.Analytics.EXTENSION_CORDOVA, com.urbanairship.analytics.Analytics.EXTENSION_FLUTTER, com.urbanairship.analytics.Analytics.EXTENSION_REACT_NATIVE, com.urbanairship.analytics.Analytics.EXTENSION_UNITY, com.urbanairship.analytics.Analytics.EXTENSION_XAMARIN, com.urbanairship.analytics.Analytics.EXTENSION_TITANIUM}" />
    </annotation>
  </item>
  <item name="com.urbanairship.analytics.Analytics.ExtensionName">
    <annotation name="androidx.annotation.StringDef">
      <val name="value" val="{com.urbanairship.analytics.Analytics.EXTENSION_CORDOVA, com.urbanairship.analytics.Analytics.EXTENSION_FLUTTER, com.urbanairship.analytics.Analytics.EXTENSION_REACT_NATIVE, com.urbanairship.analytics.Analytics.EXTENSION_UNITY, com.urbanairship.analytics.Analytics.EXTENSION_XAMARIN, com.urbanairship.analytics.Analytics.EXTENSION_TITANIUM}" />
    </annotation>
  </item>
  <item name="com.urbanairship.analytics.Event int getPriority()">
    <annotation name="androidx.annotation.IntDef">
      <val name="value" val="{com.urbanairship.analytics.Event.LOW_PRIORITY, com.urbanairship.analytics.Event.NORMAL_PRIORITY, com.urbanairship.analytics.Event.HIGH_PRIORITY}" />
    </annotation>
  </item>
  <item name="com.urbanairship.analytics.Event.Priority">
    <annotation name="androidx.annotation.IntDef">
      <val name="value" val="{com.urbanairship.analytics.Event.LOW_PRIORITY, com.urbanairship.analytics.Event.NORMAL_PRIORITY, com.urbanairship.analytics.Event.HIGH_PRIORITY}" />
    </annotation>
  </item>
</root>

