<?xml version="1.0" encoding="UTF-8"?>
<root>
  <item name="com.urbanairship.google.NetworkProviderInstaller int installSecurityProvider(android.content.Context)">
    <annotation name="androidx.annotation.IntDef">
      <val name="value" val="{com.urbanairship.google.NetworkProviderInstaller.PROVIDER_INSTALLED, com.urbanairship.google.NetworkProviderInstaller.PROVIDER_RECOVERABLE_ERROR, com.urbanairship.google.NetworkProviderInstaller.PROVIDER_ERROR}" />
    </annotation>
  </item>
  <item name="com.urbanairship.google.NetworkProviderInstaller.Result">
    <annotation name="androidx.annotation.IntDef">
      <val name="value" val="{com.urbanairship.google.NetworkProviderInstaller.PROVIDER_INSTALLED, com.urbanairship.google.NetworkProviderInstaller.PROVIDER_RECOVERABLE_ERROR, com.urbanairship.google.NetworkProviderInstaller.PROVIDER_ERROR}" />
    </annotation>
  </item>
  <item name="com.urbanairship.google.ProviderInstallerWrapper int installIfNeeded(android.content.Context)">
    <annotation name="androidx.annotation.IntDef">
      <val name="value" val="{com.urbanairship.google.NetworkProviderInstaller.PROVIDER_INSTALLED, com.urbanairship.google.NetworkProviderInstaller.PROVIDER_RECOVERABLE_ERROR, com.urbanairship.google.NetworkProviderInstaller.PROVIDER_ERROR}" />
    </annotation>
  </item>
</root>

