<?xml version="1.0" encoding="UTF-8"?>
<root>
  <item name="com.urbanairship.push.notifications.NotificationResult NotificationResult(android.app.Notification, int) 1">
    <annotation name="androidx.annotation.IntDef">
      <val name="value" val="{com.urbanairship.push.notifications.NotificationResult.OK, com.urbanairship.push.notifications.NotificationResult.RETRY, com.urbanairship.push.notifications.NotificationResult.CANCEL}" />
    </annotation>
  </item>
  <item name="com.urbanairship.push.notifications.NotificationResult int getStatus()">
    <annotation name="androidx.annotation.IntDef">
      <val name="value" val="{com.urbanairship.push.notifications.NotificationResult.OK, com.urbanairship.push.notifications.NotificationResult.RETRY, com.urbanairship.push.notifications.NotificationResult.CANCEL}" />
    </annotation>
  </item>
  <item name="com.urbanairship.push.notifications.NotificationResult status">
    <annotation name="androidx.annotation.IntDef">
      <val name="value" val="{com.urbanairship.push.notifications.NotificationResult.OK, com.urbanairship.push.notifications.NotificationResult.RETRY, com.urbanairship.push.notifications.NotificationResult.CANCEL}" />
    </annotation>
  </item>
  <item name="com.urbanairship.push.notifications.NotificationResult.Status">
    <annotation name="androidx.annotation.IntDef">
      <val name="value" val="{com.urbanairship.push.notifications.NotificationResult.OK, com.urbanairship.push.notifications.NotificationResult.RETRY, com.urbanairship.push.notifications.NotificationResult.CANCEL}" />
    </annotation>
  </item>
</root>

