<?xml version="1.0" encoding="UTF-8"?>
<root>
  <item name="com.urbanairship.automation.ActionsScheduleDelegate int onCheckExecutionReadiness(com.urbanairship.automation.Schedule&lt;? extends com.urbanairship.automation.ScheduleData&gt;)">
    <annotation name="androidx.annotation.IntDef">
      <val name="value" val="{com.urbanairship.automation.AutomationDriver.READY_RESULT_CONTINUE, com.urbanairship.automation.AutomationDriver.READY_RESULT_NOT_READY, com.urbanairship.automation.AutomationDriver.READY_RESULT_INVALIDATE, com.urbanairship.automation.AutomationDriver.READY_RESULT_SKIP}" />
    </annotation>
  </item>
  <item name="com.urbanairship.automation.Audience.Builder com.urbanairship.automation.Audience.Builder setMissBehavior(java.lang.String) 0">
    <annotation name="androidx.annotation.StringDef">
      <val name="value" val="{com.urbanairship.automation.Audience.MISS_BEHAVIOR_CANCEL, com.urbanairship.automation.Audience.MISS_BEHAVIOR_SKIP, com.urbanairship.automation.Audience.MISS_BEHAVIOR_PENALIZE}" />
    </annotation>
  </item>
  <item name="com.urbanairship.automation.Audience.MissBehavior">
    <annotation name="androidx.annotation.StringDef">
      <val name="value" val="{com.urbanairship.automation.Audience.MISS_BEHAVIOR_CANCEL, com.urbanairship.automation.Audience.MISS_BEHAVIOR_SKIP, com.urbanairship.automation.Audience.MISS_BEHAVIOR_PENALIZE}" />
    </annotation>
  </item>
  <item name="com.urbanairship.automation.AutomationDriver int onCheckExecutionReadiness(com.urbanairship.automation.Schedule&lt;? extends com.urbanairship.automation.ScheduleData&gt;)">
    <annotation name="androidx.annotation.IntDef">
      <val name="value" val="{com.urbanairship.automation.AutomationDriver.READY_RESULT_CONTINUE, com.urbanairship.automation.AutomationDriver.READY_RESULT_NOT_READY, com.urbanairship.automation.AutomationDriver.READY_RESULT_INVALIDATE, com.urbanairship.automation.AutomationDriver.READY_RESULT_SKIP}" />
    </annotation>
  </item>
  <item name="com.urbanairship.automation.AutomationDriver.PrepareResult">
    <annotation name="androidx.annotation.IntDef">
      <val name="value" val="{com.urbanairship.automation.AutomationDriver.PREPARE_RESULT_CONTINUE, com.urbanairship.automation.AutomationDriver.PREPARE_RESULT_CANCEL, com.urbanairship.automation.AutomationDriver.PREPARE_RESULT_PENALIZE, com.urbanairship.automation.AutomationDriver.PREPARE_RESULT_SKIP, com.urbanairship.automation.AutomationDriver.PREPARE_RESULT_INVALIDATE}" />
    </annotation>
  </item>
  <item name="com.urbanairship.automation.AutomationDriver.PrepareScheduleCallback void onFinish(int) 0">
    <annotation name="androidx.annotation.IntDef">
      <val name="value" val="{com.urbanairship.automation.AutomationDriver.PREPARE_RESULT_CONTINUE, com.urbanairship.automation.AutomationDriver.PREPARE_RESULT_CANCEL, com.urbanairship.automation.AutomationDriver.PREPARE_RESULT_PENALIZE, com.urbanairship.automation.AutomationDriver.PREPARE_RESULT_SKIP, com.urbanairship.automation.AutomationDriver.PREPARE_RESULT_INVALIDATE}" />
    </annotation>
  </item>
  <item name="com.urbanairship.automation.AutomationDriver.ReadyResult">
    <annotation name="androidx.annotation.IntDef">
      <val name="value" val="{com.urbanairship.automation.AutomationDriver.READY_RESULT_CONTINUE, com.urbanairship.automation.AutomationDriver.READY_RESULT_NOT_READY, com.urbanairship.automation.AutomationDriver.READY_RESULT_INVALIDATE, com.urbanairship.automation.AutomationDriver.READY_RESULT_SKIP}" />
    </annotation>
  </item>
  <item name="com.urbanairship.automation.AutomationEngine com.urbanairship.PendingResult&lt;com.urbanairship.automation.Schedule&lt;T&gt;&gt; getSchedule(java.lang.String, java.lang.String) 1">
    <annotation name="androidx.annotation.StringDef">
      <val name="value" val="{com.urbanairship.automation.Schedule.TYPE_IN_APP_MESSAGE, com.urbanairship.automation.Schedule.TYPE_ACTION, com.urbanairship.automation.Schedule.TYPE_DEFERRED}" />
    </annotation>
  </item>
  <item name="com.urbanairship.automation.AutomationEngine com.urbanairship.PendingResult&lt;java.lang.Boolean&gt; cancelByType(java.lang.String) 0">
    <annotation name="androidx.annotation.StringDef">
      <val name="value" val="{com.urbanairship.automation.Schedule.TYPE_IN_APP_MESSAGE, com.urbanairship.automation.Schedule.TYPE_ACTION, com.urbanairship.automation.Schedule.TYPE_DEFERRED}" />
    </annotation>
  </item>
  <item name="com.urbanairship.automation.AutomationEngine com.urbanairship.PendingResult&lt;java.util.Collection&lt;com.urbanairship.automation.Schedule&lt;T&gt;&gt;&gt; getSchedules(java.lang.String, java.lang.String) 1">
    <annotation name="androidx.annotation.StringDef">
      <val name="value" val="{com.urbanairship.automation.Schedule.TYPE_IN_APP_MESSAGE, com.urbanairship.automation.Schedule.TYPE_ACTION, com.urbanairship.automation.Schedule.TYPE_DEFERRED}" />
    </annotation>
  </item>
  <item name="com.urbanairship.automation.AutomationEngine com.urbanairship.PendingResult&lt;java.util.Collection&lt;com.urbanairship.automation.Schedule&lt;T&gt;&gt;&gt; getSchedulesByType(java.lang.String) 0">
    <annotation name="androidx.annotation.StringDef">
      <val name="value" val="{com.urbanairship.automation.Schedule.TYPE_IN_APP_MESSAGE, com.urbanairship.automation.Schedule.TYPE_ACTION, com.urbanairship.automation.Schedule.TYPE_DEFERRED}" />
    </annotation>
  </item>
  <item name="com.urbanairship.automation.AutomationEngine com.urbanairship.reactive.Observable&lt;com.urbanairship.json.JsonSerializable&gt; createEventObservable(int) 0">
    <annotation name="androidx.annotation.IntDef">
      <val name="value" val="{com.urbanairship.automation.Trigger.LIFE_CYCLE_FOREGROUND, com.urbanairship.automation.Trigger.LIFE_CYCLE_BACKGROUND, com.urbanairship.automation.Trigger.REGION_ENTER, com.urbanairship.automation.Trigger.REGION_EXIT, com.urbanairship.automation.Trigger.CUSTOM_EVENT_COUNT, com.urbanairship.automation.Trigger.CUSTOM_EVENT_VALUE, com.urbanairship.automation.Trigger.SCREEN_VIEW, com.urbanairship.automation.Trigger.LIFE_CYCLE_APP_INIT, com.urbanairship.automation.Trigger.ACTIVE_SESSION, com.urbanairship.automation.Trigger.VERSION}" />
    </annotation>
  </item>
  <item name="com.urbanairship.automation.AutomationEngine com.urbanairship.reactive.Observable&lt;com.urbanairship.json.JsonSerializable&gt; createStateObservable(int) 0">
    <annotation name="androidx.annotation.IntDef">
      <val name="value" val="{com.urbanairship.automation.Trigger.LIFE_CYCLE_FOREGROUND, com.urbanairship.automation.Trigger.LIFE_CYCLE_BACKGROUND, com.urbanairship.automation.Trigger.REGION_ENTER, com.urbanairship.automation.Trigger.REGION_EXIT, com.urbanairship.automation.Trigger.CUSTOM_EVENT_COUNT, com.urbanairship.automation.Trigger.CUSTOM_EVENT_VALUE, com.urbanairship.automation.Trigger.SCREEN_VIEW, com.urbanairship.automation.Trigger.LIFE_CYCLE_APP_INIT, com.urbanairship.automation.Trigger.ACTIVE_SESSION, com.urbanairship.automation.Trigger.VERSION}" />
    </annotation>
  </item>
  <item name="com.urbanairship.automation.InAppAutomation com.urbanairship.PendingResult&lt;java.lang.Boolean&gt; cancelSchedules(java.lang.String) 0">
    <annotation name="androidx.annotation.StringDef">
      <val name="value" val="{com.urbanairship.automation.Schedule.TYPE_IN_APP_MESSAGE, com.urbanairship.automation.Schedule.TYPE_ACTION, com.urbanairship.automation.Schedule.TYPE_DEFERRED}" />
    </annotation>
  </item>
  <item name="com.urbanairship.automation.InAppAutomation int getPrepareResultMissedAudience(com.urbanairship.automation.Schedule&lt;? extends com.urbanairship.automation.ScheduleData&gt;)">
    <annotation name="androidx.annotation.IntDef">
      <val name="value" val="{com.urbanairship.automation.AutomationDriver.PREPARE_RESULT_CONTINUE, com.urbanairship.automation.AutomationDriver.PREPARE_RESULT_CANCEL, com.urbanairship.automation.AutomationDriver.PREPARE_RESULT_PENALIZE, com.urbanairship.automation.AutomationDriver.PREPARE_RESULT_SKIP, com.urbanairship.automation.AutomationDriver.PREPARE_RESULT_INVALIDATE}" />
    </annotation>
  </item>
  <item name="com.urbanairship.automation.InAppAutomation int onCheckExecutionReadiness(com.urbanairship.automation.Schedule&lt;? extends com.urbanairship.automation.ScheduleData&gt;)">
    <annotation name="androidx.annotation.IntDef">
      <val name="value" val="{com.urbanairship.automation.AutomationDriver.READY_RESULT_CONTINUE, com.urbanairship.automation.AutomationDriver.READY_RESULT_NOT_READY, com.urbanairship.automation.AutomationDriver.READY_RESULT_INVALIDATE, com.urbanairship.automation.AutomationDriver.READY_RESULT_SKIP}" />
    </annotation>
  </item>
  <item name="com.urbanairship.automation.Schedule java.lang.String getType()">
    <annotation name="androidx.annotation.StringDef">
      <val name="value" val="{com.urbanairship.automation.Schedule.TYPE_IN_APP_MESSAGE, com.urbanairship.automation.Schedule.TYPE_ACTION, com.urbanairship.automation.Schedule.TYPE_DEFERRED}" />
    </annotation>
  </item>
  <item name="com.urbanairship.automation.Schedule type">
    <annotation name="androidx.annotation.StringDef">
      <val name="value" val="{com.urbanairship.automation.Schedule.TYPE_IN_APP_MESSAGE, com.urbanairship.automation.Schedule.TYPE_ACTION, com.urbanairship.automation.Schedule.TYPE_DEFERRED}" />
    </annotation>
  </item>
  <item name="com.urbanairship.automation.Schedule.Builder Builder(java.lang.String, T) 0">
    <annotation name="androidx.annotation.StringDef">
      <val name="value" val="{com.urbanairship.automation.Schedule.TYPE_IN_APP_MESSAGE, com.urbanairship.automation.Schedule.TYPE_ACTION, com.urbanairship.automation.Schedule.TYPE_DEFERRED}" />
    </annotation>
  </item>
  <item name="com.urbanairship.automation.Schedule.Builder type">
    <annotation name="androidx.annotation.StringDef">
      <val name="value" val="{com.urbanairship.automation.Schedule.TYPE_IN_APP_MESSAGE, com.urbanairship.automation.Schedule.TYPE_ACTION, com.urbanairship.automation.Schedule.TYPE_DEFERRED}" />
    </annotation>
  </item>
  <item name="com.urbanairship.automation.Schedule.Type">
    <annotation name="androidx.annotation.StringDef">
      <val name="value" val="{com.urbanairship.automation.Schedule.TYPE_IN_APP_MESSAGE, com.urbanairship.automation.Schedule.TYPE_ACTION, com.urbanairship.automation.Schedule.TYPE_DEFERRED}" />
    </annotation>
  </item>
  <item name="com.urbanairship.automation.ScheduleConverters com.urbanairship.automation.Schedule.Builder&lt;T&gt; createScheduleBuilder(com.urbanairship.json.JsonValue, java.lang.String) 1">
    <annotation name="androidx.annotation.StringDef">
      <val name="value" val="{com.urbanairship.automation.Schedule.TYPE_IN_APP_MESSAGE, com.urbanairship.automation.Schedule.TYPE_ACTION, com.urbanairship.automation.Schedule.TYPE_DEFERRED}" />
    </annotation>
  </item>
  <item name="com.urbanairship.automation.ScheduleDelay int getAppState()">
    <annotation name="androidx.annotation.IntDef">
      <val name="value" val="{com.urbanairship.automation.ScheduleDelay.APP_STATE_ANY, com.urbanairship.automation.ScheduleDelay.APP_STATE_FOREGROUND, com.urbanairship.automation.ScheduleDelay.APP_STATE_BACKGROUND}" />
    </annotation>
  </item>
  <item name="com.urbanairship.automation.ScheduleDelay.AppState">
    <annotation name="androidx.annotation.IntDef">
      <val name="value" val="{com.urbanairship.automation.ScheduleDelay.APP_STATE_ANY, com.urbanairship.automation.ScheduleDelay.APP_STATE_FOREGROUND, com.urbanairship.automation.ScheduleDelay.APP_STATE_BACKGROUND}" />
    </annotation>
  </item>
  <item name="com.urbanairship.automation.ScheduleDelay.Builder com.urbanairship.automation.ScheduleDelay.Builder setAppState(int) 0">
    <annotation name="androidx.annotation.IntDef">
      <val name="value" val="{com.urbanairship.automation.ScheduleDelay.APP_STATE_ANY, com.urbanairship.automation.ScheduleDelay.APP_STATE_FOREGROUND, com.urbanairship.automation.ScheduleDelay.APP_STATE_BACKGROUND}" />
    </annotation>
  </item>
  <item name="com.urbanairship.automation.ScheduleDelegate int onCheckExecutionReadiness(com.urbanairship.automation.Schedule&lt;? extends com.urbanairship.automation.ScheduleData&gt;)">
    <annotation name="androidx.annotation.IntDef">
      <val name="value" val="{com.urbanairship.automation.AutomationDriver.READY_RESULT_CONTINUE, com.urbanairship.automation.AutomationDriver.READY_RESULT_NOT_READY, com.urbanairship.automation.AutomationDriver.READY_RESULT_INVALIDATE, com.urbanairship.automation.AutomationDriver.READY_RESULT_SKIP}" />
    </annotation>
  </item>
  <item name="com.urbanairship.automation.ScheduleEdits java.lang.String getType()">
    <annotation name="androidx.annotation.StringDef">
      <val name="value" val="{com.urbanairship.automation.Schedule.TYPE_IN_APP_MESSAGE, com.urbanairship.automation.Schedule.TYPE_ACTION, com.urbanairship.automation.Schedule.TYPE_DEFERRED}" />
    </annotation>
  </item>
  <item name="com.urbanairship.automation.ScheduleEdits type">
    <annotation name="androidx.annotation.StringDef">
      <val name="value" val="{com.urbanairship.automation.Schedule.TYPE_IN_APP_MESSAGE, com.urbanairship.automation.Schedule.TYPE_ACTION, com.urbanairship.automation.Schedule.TYPE_DEFERRED}" />
    </annotation>
  </item>
  <item name="com.urbanairship.automation.ScheduleEdits.Builder Builder(java.lang.String, T) 0">
    <annotation name="androidx.annotation.StringDef">
      <val name="value" val="{com.urbanairship.automation.Schedule.TYPE_IN_APP_MESSAGE, com.urbanairship.automation.Schedule.TYPE_ACTION, com.urbanairship.automation.Schedule.TYPE_DEFERRED}" />
    </annotation>
  </item>
  <item name="com.urbanairship.automation.ScheduleEdits.Builder type">
    <annotation name="androidx.annotation.StringDef">
      <val name="value" val="{com.urbanairship.automation.Schedule.TYPE_IN_APP_MESSAGE, com.urbanairship.automation.Schedule.TYPE_ACTION, com.urbanairship.automation.Schedule.TYPE_DEFERRED}" />
    </annotation>
  </item>
  <item name="com.urbanairship.automation.Trigger Trigger(int, double, com.urbanairship.json.JsonPredicate) 0">
    <annotation name="androidx.annotation.IntDef">
      <val name="value" val="{com.urbanairship.automation.Trigger.LIFE_CYCLE_FOREGROUND, com.urbanairship.automation.Trigger.LIFE_CYCLE_BACKGROUND, com.urbanairship.automation.Trigger.REGION_ENTER, com.urbanairship.automation.Trigger.REGION_EXIT, com.urbanairship.automation.Trigger.CUSTOM_EVENT_COUNT, com.urbanairship.automation.Trigger.CUSTOM_EVENT_VALUE, com.urbanairship.automation.Trigger.SCREEN_VIEW, com.urbanairship.automation.Trigger.LIFE_CYCLE_APP_INIT, com.urbanairship.automation.Trigger.ACTIVE_SESSION, com.urbanairship.automation.Trigger.VERSION}" />
    </annotation>
  </item>
  <item name="com.urbanairship.automation.Trigger int getType()">
    <annotation name="androidx.annotation.IntDef">
      <val name="value" val="{com.urbanairship.automation.Trigger.LIFE_CYCLE_FOREGROUND, com.urbanairship.automation.Trigger.LIFE_CYCLE_BACKGROUND, com.urbanairship.automation.Trigger.REGION_ENTER, com.urbanairship.automation.Trigger.REGION_EXIT, com.urbanairship.automation.Trigger.CUSTOM_EVENT_COUNT, com.urbanairship.automation.Trigger.CUSTOM_EVENT_VALUE, com.urbanairship.automation.Trigger.SCREEN_VIEW, com.urbanairship.automation.Trigger.LIFE_CYCLE_APP_INIT, com.urbanairship.automation.Trigger.ACTIVE_SESSION, com.urbanairship.automation.Trigger.VERSION}" />
    </annotation>
  </item>
  <item name="com.urbanairship.automation.Trigger java.lang.String convertType(int) 0">
    <annotation name="androidx.annotation.IntDef">
      <val name="value" val="{com.urbanairship.automation.Trigger.LIFE_CYCLE_FOREGROUND, com.urbanairship.automation.Trigger.LIFE_CYCLE_BACKGROUND, com.urbanairship.automation.Trigger.REGION_ENTER, com.urbanairship.automation.Trigger.REGION_EXIT, com.urbanairship.automation.Trigger.CUSTOM_EVENT_COUNT, com.urbanairship.automation.Trigger.CUSTOM_EVENT_VALUE, com.urbanairship.automation.Trigger.SCREEN_VIEW, com.urbanairship.automation.Trigger.LIFE_CYCLE_APP_INIT, com.urbanairship.automation.Trigger.ACTIVE_SESSION, com.urbanairship.automation.Trigger.VERSION}" />
    </annotation>
  </item>
  <item name="com.urbanairship.automation.Trigger.TriggerType">
    <annotation name="androidx.annotation.IntDef">
      <val name="value" val="{com.urbanairship.automation.Trigger.LIFE_CYCLE_FOREGROUND, com.urbanairship.automation.Trigger.LIFE_CYCLE_BACKGROUND, com.urbanairship.automation.Trigger.REGION_ENTER, com.urbanairship.automation.Trigger.REGION_EXIT, com.urbanairship.automation.Trigger.CUSTOM_EVENT_COUNT, com.urbanairship.automation.Trigger.CUSTOM_EVENT_VALUE, com.urbanairship.automation.Trigger.SCREEN_VIEW, com.urbanairship.automation.Trigger.LIFE_CYCLE_APP_INIT, com.urbanairship.automation.Trigger.ACTIVE_SESSION, com.urbanairship.automation.Trigger.VERSION}" />
    </annotation>
  </item>
</root>

