<?xml version="1.0" encoding="UTF-8"?>
<root>
  <item name="com.urbanairship.iam.events.InAppReportingEvent InAppReportingEvent(java.lang.String, java.lang.String, java.lang.String) 2">
    <annotation name="androidx.annotation.StringDef">
      <val name="value" val="{com.urbanairship.iam.InAppMessage.SOURCE_LEGACY_PUSH, com.urbanairship.iam.InAppMessage.SOURCE_REMOTE_DATA, com.urbanairship.iam.InAppMessage.SOURCE_APP_DEFINED}" />
    </annotation>
  </item>
  <item name="com.urbanairship.iam.events.InAppReportingEvent com.urbanairship.iam.events.InAppReportingEvent interrupted(java.lang.String, java.lang.String) 1">
    <annotation name="androidx.annotation.StringDef">
      <val name="value" val="{com.urbanairship.iam.InAppMessage.SOURCE_LEGACY_PUSH, com.urbanairship.iam.InAppMessage.SOURCE_REMOTE_DATA, com.urbanairship.iam.InAppMessage.SOURCE_APP_DEFINED}" />
    </annotation>
  </item>
  <item name="com.urbanairship.iam.events.InAppReportingEvent com.urbanairship.json.JsonValue createEventId(java.lang.String, java.lang.String, com.urbanairship.json.JsonValue) 1">
    <annotation name="androidx.annotation.StringDef">
      <val name="value" val="{com.urbanairship.iam.InAppMessage.SOURCE_LEGACY_PUSH, com.urbanairship.iam.InAppMessage.SOURCE_REMOTE_DATA, com.urbanairship.iam.InAppMessage.SOURCE_APP_DEFINED}" />
    </annotation>
  </item>
  <item name="com.urbanairship.iam.events.InAppReportingEvent source">
    <annotation name="androidx.annotation.StringDef">
      <val name="value" val="{com.urbanairship.iam.InAppMessage.SOURCE_LEGACY_PUSH, com.urbanairship.iam.InAppMessage.SOURCE_REMOTE_DATA, com.urbanairship.iam.InAppMessage.SOURCE_APP_DEFINED}" />
    </annotation>
  </item>
</root>

