<?xml version="1.0" encoding="UTF-8"?>
<root>
  <item name="com.urbanairship.util.AppStoreUtils android.content.Intent getAppStoreIntent(android.content.Context, int, com.urbanairship.AirshipConfigOptions) 1">
    <annotation name="androidx.annotation.IntDef">
      <val name="value" val="{com.urbanairship.UAirship.AMAZON_PLATFORM, com.urbanairship.UAirship.ANDROID_PLATFORM, com.urbanairship.UAirship.UNKNOWN_PLATFORM}" />
    </annotation>
  </item>
  <item name="com.urbanairship.util.PlatformUtils int parsePlatform(int)">
    <annotation name="androidx.annotation.IntDef">
      <val name="value" val="{com.urbanairship.UAirship.AMAZON_PLATFORM, com.urbanairship.UAirship.ANDROID_PLATFORM, com.urbanairship.UAirship.UNKNOWN_PLATFORM}" />
    </annotation>
  </item>
  <item name="com.urbanairship.util.PlatformUtils java.lang.String asString(int) 0">
    <annotation name="androidx.annotation.IntDef">
      <val name="value" val="{com.urbanairship.UAirship.AMAZON_PLATFORM, com.urbanairship.UAirship.ANDROID_PLATFORM, com.urbanairship.UAirship.UNKNOWN_PLATFORM}" />
    </annotation>
  </item>
  <item name="com.urbanairship.util.PlatformUtils java.lang.String getDeviceType(int) 0">
    <annotation name="androidx.annotation.IntDef">
      <val name="value" val="{com.urbanairship.UAirship.AMAZON_PLATFORM, com.urbanairship.UAirship.ANDROID_PLATFORM, com.urbanairship.UAirship.UNKNOWN_PLATFORM}" />
    </annotation>
  </item>
</root>

