<?xml version="1.0" encoding="UTF-8"?>
<root>
  <item name="com.urbanairship.iam.fullscreen.FullScreenActivity int getTemplate(java.lang.String) 0">
    <annotation name="androidx.annotation.StringDef">
      <val name="value" val="{com.urbanairship.iam.fullscreen.FullScreenDisplayContent.TEMPLATE_HEADER_MEDIA_BODY, com.urbanairship.iam.fullscreen.FullScreenDisplayContent.TEMPLATE_MEDIA_HEADER_BODY, com.urbanairship.iam.fullscreen.FullScreenDisplayContent.TEMPLATE_HEADER_BODY_MEDIA}" />
    </annotation>
  </item>
  <item name="com.urbanairship.iam.fullscreen.FullScreenActivity java.lang.String normalizeTemplate(com.urbanairship.iam.fullscreen.FullScreenDisplayContent)">
    <annotation name="androidx.annotation.StringDef">
      <val name="value" val="{com.urbanairship.iam.fullscreen.FullScreenDisplayContent.TEMPLATE_HEADER_MEDIA_BODY, com.urbanairship.iam.fullscreen.FullScreenDisplayContent.TEMPLATE_MEDIA_HEADER_BODY, com.urbanairship.iam.fullscreen.FullScreenDisplayContent.TEMPLATE_HEADER_BODY_MEDIA}" />
    </annotation>
  </item>
  <item name="com.urbanairship.iam.fullscreen.FullScreenDisplayContent buttonLayout">
    <annotation name="androidx.annotation.StringDef">
      <val name="value" val="{com.urbanairship.iam.DisplayContent.BUTTON_LAYOUT_SEPARATE, com.urbanairship.iam.DisplayContent.BUTTON_LAYOUT_JOINED, com.urbanairship.iam.DisplayContent.BUTTON_LAYOUT_STACKED}" />
    </annotation>
  </item>
  <item name="com.urbanairship.iam.fullscreen.FullScreenDisplayContent java.lang.String getButtonLayout()">
    <annotation name="androidx.annotation.StringDef">
      <val name="value" val="{com.urbanairship.iam.DisplayContent.BUTTON_LAYOUT_SEPARATE, com.urbanairship.iam.DisplayContent.BUTTON_LAYOUT_JOINED, com.urbanairship.iam.DisplayContent.BUTTON_LAYOUT_STACKED}" />
    </annotation>
  </item>
  <item name="com.urbanairship.iam.fullscreen.FullScreenDisplayContent java.lang.String getTemplate()">
    <annotation name="androidx.annotation.StringDef">
      <val name="value" val="{com.urbanairship.iam.fullscreen.FullScreenDisplayContent.TEMPLATE_HEADER_MEDIA_BODY, com.urbanairship.iam.fullscreen.FullScreenDisplayContent.TEMPLATE_MEDIA_HEADER_BODY, com.urbanairship.iam.fullscreen.FullScreenDisplayContent.TEMPLATE_HEADER_BODY_MEDIA}" />
    </annotation>
  </item>
  <item name="com.urbanairship.iam.fullscreen.FullScreenDisplayContent template">
    <annotation name="androidx.annotation.StringDef">
      <val name="value" val="{com.urbanairship.iam.fullscreen.FullScreenDisplayContent.TEMPLATE_HEADER_MEDIA_BODY, com.urbanairship.iam.fullscreen.FullScreenDisplayContent.TEMPLATE_MEDIA_HEADER_BODY, com.urbanairship.iam.fullscreen.FullScreenDisplayContent.TEMPLATE_HEADER_BODY_MEDIA}" />
    </annotation>
  </item>
  <item name="com.urbanairship.iam.fullscreen.FullScreenDisplayContent.Builder buttonLayout">
    <annotation name="androidx.annotation.StringDef">
      <val name="value" val="{com.urbanairship.iam.DisplayContent.BUTTON_LAYOUT_SEPARATE, com.urbanairship.iam.DisplayContent.BUTTON_LAYOUT_JOINED, com.urbanairship.iam.DisplayContent.BUTTON_LAYOUT_STACKED}" />
    </annotation>
  </item>
  <item name="com.urbanairship.iam.fullscreen.FullScreenDisplayContent.Builder com.urbanairship.iam.fullscreen.FullScreenDisplayContent.Builder setButtonLayout(java.lang.String) 0">
    <annotation name="androidx.annotation.StringDef">
      <val name="value" val="{com.urbanairship.iam.DisplayContent.BUTTON_LAYOUT_SEPARATE, com.urbanairship.iam.DisplayContent.BUTTON_LAYOUT_JOINED, com.urbanairship.iam.DisplayContent.BUTTON_LAYOUT_STACKED}" />
    </annotation>
  </item>
  <item name="com.urbanairship.iam.fullscreen.FullScreenDisplayContent.Builder com.urbanairship.iam.fullscreen.FullScreenDisplayContent.Builder setTemplate(java.lang.String) 0">
    <annotation name="androidx.annotation.StringDef">
      <val name="value" val="{com.urbanairship.iam.fullscreen.FullScreenDisplayContent.TEMPLATE_HEADER_MEDIA_BODY, com.urbanairship.iam.fullscreen.FullScreenDisplayContent.TEMPLATE_MEDIA_HEADER_BODY, com.urbanairship.iam.fullscreen.FullScreenDisplayContent.TEMPLATE_HEADER_BODY_MEDIA}" />
    </annotation>
  </item>
  <item name="com.urbanairship.iam.fullscreen.FullScreenDisplayContent.Builder template">
    <annotation name="androidx.annotation.StringDef">
      <val name="value" val="{com.urbanairship.iam.fullscreen.FullScreenDisplayContent.TEMPLATE_HEADER_MEDIA_BODY, com.urbanairship.iam.fullscreen.FullScreenDisplayContent.TEMPLATE_MEDIA_HEADER_BODY, com.urbanairship.iam.fullscreen.FullScreenDisplayContent.TEMPLATE_HEADER_BODY_MEDIA}" />
    </annotation>
  </item>
  <item name="com.urbanairship.iam.fullscreen.FullScreenDisplayContent.Template">
    <annotation name="androidx.annotation.StringDef">
      <val name="value" val="{com.urbanairship.iam.fullscreen.FullScreenDisplayContent.TEMPLATE_HEADER_MEDIA_BODY, com.urbanairship.iam.fullscreen.FullScreenDisplayContent.TEMPLATE_MEDIA_HEADER_BODY, com.urbanairship.iam.fullscreen.FullScreenDisplayContent.TEMPLATE_HEADER_BODY_MEDIA}" />
    </annotation>
  </item>
</root>

