<?xml version="1.0" encoding="UTF-8"?>
<root>
  <item name="com.urbanairship.iam.assets.AirshipPrepareAssetsDelegate int onPrepare(java.lang.String, com.urbanairship.iam.InAppMessage, com.urbanairship.iam.assets.Assets)">
    <annotation name="androidx.annotation.IntDef">
      <val name="value" val="{com.urbanairship.iam.assets.AssetManager.PREPARE_RESULT_OK, com.urbanairship.iam.assets.AssetManager.PREPARE_RESULT_RETRY, com.urbanairship.iam.assets.AssetManager.PREPARE_RESULT_CANCEL}" />
    </annotation>
  </item>
  <item name="com.urbanairship.iam.assets.AssetManager int onPrepare(java.lang.String, com.urbanairship.iam.InAppMessage)">
    <annotation name="androidx.annotation.IntDef">
      <val name="value" val="{com.urbanairship.iam.assets.AssetManager.PREPARE_RESULT_OK, com.urbanairship.iam.assets.AssetManager.PREPARE_RESULT_RETRY, com.urbanairship.iam.assets.AssetManager.PREPARE_RESULT_CANCEL}" />
    </annotation>
  </item>
  <item name="com.urbanairship.iam.assets.AssetManager.PrepareResult">
    <annotation name="androidx.annotation.IntDef">
      <val name="value" val="{com.urbanairship.iam.assets.AssetManager.PREPARE_RESULT_OK, com.urbanairship.iam.assets.AssetManager.PREPARE_RESULT_RETRY, com.urbanairship.iam.assets.AssetManager.PREPARE_RESULT_CANCEL}" />
    </annotation>
  </item>
  <item name="com.urbanairship.iam.assets.PrepareAssetsDelegate int onPrepare(java.lang.String, com.urbanairship.iam.InAppMessage, com.urbanairship.iam.assets.Assets)">
    <annotation name="androidx.annotation.IntDef">
      <val name="value" val="{com.urbanairship.iam.assets.AssetManager.PREPARE_RESULT_OK, com.urbanairship.iam.assets.AssetManager.PREPARE_RESULT_RETRY, com.urbanairship.iam.assets.AssetManager.PREPARE_RESULT_CANCEL}" />
    </annotation>
  </item>
</root>

