<?xml version="1.0" encoding="UTF-8"?>
<root>
  <item name="com.urbanairship.iam.AdapterWrapper int prepare(android.content.Context, com.urbanairship.iam.assets.Assets)">
    <annotation name="androidx.annotation.IntDef">
      <val name="value" val="{com.urbanairship.iam.InAppMessageAdapter.OK, com.urbanairship.iam.InAppMessageAdapter.RETRY, com.urbanairship.iam.InAppMessageAdapter.CANCEL}" />
    </annotation>
  </item>
  <item name="com.urbanairship.iam.ButtonInfo behavior">
    <annotation name="androidx.annotation.StringDef">
      <val name="value" val="{com.urbanairship.iam.ButtonInfo.BEHAVIOR_CANCEL, com.urbanairship.iam.ButtonInfo.BEHAVIOR_DISMISS}" />
    </annotation>
  </item>
  <item name="com.urbanairship.iam.ButtonInfo java.lang.String getBehavior()">
    <annotation name="androidx.annotation.StringDef">
      <val name="value" val="{com.urbanairship.iam.ButtonInfo.BEHAVIOR_CANCEL, com.urbanairship.iam.ButtonInfo.BEHAVIOR_DISMISS}" />
    </annotation>
  </item>
  <item name="com.urbanairship.iam.ButtonInfo.Behavior">
    <annotation name="androidx.annotation.StringDef">
      <val name="value" val="{com.urbanairship.iam.ButtonInfo.BEHAVIOR_CANCEL, com.urbanairship.iam.ButtonInfo.BEHAVIOR_DISMISS}" />
    </annotation>
  </item>
  <item name="com.urbanairship.iam.ButtonInfo.Builder behavior">
    <annotation name="androidx.annotation.StringDef">
      <val name="value" val="{com.urbanairship.iam.ButtonInfo.BEHAVIOR_CANCEL, com.urbanairship.iam.ButtonInfo.BEHAVIOR_DISMISS}" />
    </annotation>
  </item>
  <item name="com.urbanairship.iam.ButtonInfo.Builder com.urbanairship.iam.ButtonInfo.Builder setBehavior(java.lang.String) 0">
    <annotation name="androidx.annotation.StringDef">
      <val name="value" val="{com.urbanairship.iam.ButtonInfo.BEHAVIOR_CANCEL, com.urbanairship.iam.ButtonInfo.BEHAVIOR_DISMISS}" />
    </annotation>
  </item>
  <item name="com.urbanairship.iam.DisplayContent.ButtonLayout">
    <annotation name="androidx.annotation.StringDef">
      <val name="value" val="{com.urbanairship.iam.DisplayContent.BUTTON_LAYOUT_SEPARATE, com.urbanairship.iam.DisplayContent.BUTTON_LAYOUT_JOINED, com.urbanairship.iam.DisplayContent.BUTTON_LAYOUT_STACKED}" />
    </annotation>
  </item>
  <item name="com.urbanairship.iam.InAppMessage com.urbanairship.iam.InAppMessage fromJson(com.urbanairship.json.JsonValue, java.lang.String) 1">
    <annotation name="androidx.annotation.StringDef">
      <val name="value" val="{com.urbanairship.iam.InAppMessage.SOURCE_LEGACY_PUSH, com.urbanairship.iam.InAppMessage.SOURCE_REMOTE_DATA, com.urbanairship.iam.InAppMessage.SOURCE_APP_DEFINED}" />
    </annotation>
  </item>
  <item name="com.urbanairship.iam.InAppMessage displayBehavior">
    <annotation name="androidx.annotation.StringDef">
      <val name="value" val="{com.urbanairship.iam.InAppMessage.DISPLAY_BEHAVIOR_DEFAULT, com.urbanairship.iam.InAppMessage.DISPLAY_BEHAVIOR_IMMEDIATE}" />
    </annotation>
  </item>
  <item name="com.urbanairship.iam.InAppMessage java.lang.String getDisplayBehavior()">
    <annotation name="androidx.annotation.StringDef">
      <val name="value" val="{com.urbanairship.iam.InAppMessage.DISPLAY_BEHAVIOR_DEFAULT, com.urbanairship.iam.InAppMessage.DISPLAY_BEHAVIOR_IMMEDIATE}" />
    </annotation>
  </item>
  <item name="com.urbanairship.iam.InAppMessage java.lang.String getSource()">
    <annotation name="androidx.annotation.StringDef">
      <val name="value" val="{com.urbanairship.iam.InAppMessage.SOURCE_LEGACY_PUSH, com.urbanairship.iam.InAppMessage.SOURCE_REMOTE_DATA, com.urbanairship.iam.InAppMessage.SOURCE_APP_DEFINED}" />
    </annotation>
  </item>
  <item name="com.urbanairship.iam.InAppMessage java.lang.String getType()">
    <annotation name="androidx.annotation.StringDef">
      <val name="value" val="{com.urbanairship.iam.InAppMessage.TYPE_BANNER, com.urbanairship.iam.InAppMessage.TYPE_CUSTOM, com.urbanairship.iam.InAppMessage.TYPE_FULLSCREEN, com.urbanairship.iam.InAppMessage.TYPE_MODAL, com.urbanairship.iam.InAppMessage.TYPE_HTML, com.urbanairship.iam.InAppMessage.TYPE_AIRSHIP_LAYOUT}" />
    </annotation>
  </item>
  <item name="com.urbanairship.iam.InAppMessage source">
    <annotation name="androidx.annotation.StringDef">
      <val name="value" val="{com.urbanairship.iam.InAppMessage.SOURCE_LEGACY_PUSH, com.urbanairship.iam.InAppMessage.SOURCE_REMOTE_DATA, com.urbanairship.iam.InAppMessage.SOURCE_APP_DEFINED}" />
    </annotation>
  </item>
  <item name="com.urbanairship.iam.InAppMessage type">
    <annotation name="androidx.annotation.StringDef">
      <val name="value" val="{com.urbanairship.iam.InAppMessage.TYPE_BANNER, com.urbanairship.iam.InAppMessage.TYPE_CUSTOM, com.urbanairship.iam.InAppMessage.TYPE_FULLSCREEN, com.urbanairship.iam.InAppMessage.TYPE_MODAL, com.urbanairship.iam.InAppMessage.TYPE_HTML, com.urbanairship.iam.InAppMessage.TYPE_AIRSHIP_LAYOUT}" />
    </annotation>
  </item>
  <item name="com.urbanairship.iam.InAppMessage.Builder com.urbanairship.iam.InAppMessage.Builder setDisplayBehavior(java.lang.String) 0">
    <annotation name="androidx.annotation.StringDef">
      <val name="value" val="{com.urbanairship.iam.InAppMessage.DISPLAY_BEHAVIOR_DEFAULT, com.urbanairship.iam.InAppMessage.DISPLAY_BEHAVIOR_IMMEDIATE}" />
    </annotation>
  </item>
  <item name="com.urbanairship.iam.InAppMessage.Builder com.urbanairship.iam.InAppMessage.Builder setSource(java.lang.String) 0">
    <annotation name="androidx.annotation.StringDef">
      <val name="value" val="{com.urbanairship.iam.InAppMessage.SOURCE_LEGACY_PUSH, com.urbanairship.iam.InAppMessage.SOURCE_REMOTE_DATA, com.urbanairship.iam.InAppMessage.SOURCE_APP_DEFINED}" />
    </annotation>
  </item>
  <item name="com.urbanairship.iam.InAppMessage.Builder displayBehavior">
    <annotation name="androidx.annotation.StringDef">
      <val name="value" val="{com.urbanairship.iam.InAppMessage.DISPLAY_BEHAVIOR_DEFAULT, com.urbanairship.iam.InAppMessage.DISPLAY_BEHAVIOR_IMMEDIATE}" />
    </annotation>
  </item>
  <item name="com.urbanairship.iam.InAppMessage.Builder source">
    <annotation name="androidx.annotation.StringDef">
      <val name="value" val="{com.urbanairship.iam.InAppMessage.SOURCE_LEGACY_PUSH, com.urbanairship.iam.InAppMessage.SOURCE_REMOTE_DATA, com.urbanairship.iam.InAppMessage.SOURCE_APP_DEFINED}" />
    </annotation>
  </item>
  <item name="com.urbanairship.iam.InAppMessage.Builder type">
    <annotation name="androidx.annotation.StringDef">
      <val name="value" val="{com.urbanairship.iam.InAppMessage.TYPE_BANNER, com.urbanairship.iam.InAppMessage.TYPE_CUSTOM, com.urbanairship.iam.InAppMessage.TYPE_FULLSCREEN, com.urbanairship.iam.InAppMessage.TYPE_MODAL, com.urbanairship.iam.InAppMessage.TYPE_HTML, com.urbanairship.iam.InAppMessage.TYPE_AIRSHIP_LAYOUT}" />
    </annotation>
  </item>
  <item name="com.urbanairship.iam.InAppMessage.DisplayBehavior">
    <annotation name="androidx.annotation.StringDef">
      <val name="value" val="{com.urbanairship.iam.InAppMessage.DISPLAY_BEHAVIOR_DEFAULT, com.urbanairship.iam.InAppMessage.DISPLAY_BEHAVIOR_IMMEDIATE}" />
    </annotation>
  </item>
  <item name="com.urbanairship.iam.InAppMessage.DisplayType">
    <annotation name="androidx.annotation.StringDef">
      <val name="value" val="{com.urbanairship.iam.InAppMessage.TYPE_BANNER, com.urbanairship.iam.InAppMessage.TYPE_CUSTOM, com.urbanairship.iam.InAppMessage.TYPE_FULLSCREEN, com.urbanairship.iam.InAppMessage.TYPE_MODAL, com.urbanairship.iam.InAppMessage.TYPE_HTML, com.urbanairship.iam.InAppMessage.TYPE_AIRSHIP_LAYOUT}" />
    </annotation>
  </item>
  <item name="com.urbanairship.iam.InAppMessage.Source">
    <annotation name="androidx.annotation.StringDef">
      <val name="value" val="{com.urbanairship.iam.InAppMessage.SOURCE_LEGACY_PUSH, com.urbanairship.iam.InAppMessage.SOURCE_REMOTE_DATA, com.urbanairship.iam.InAppMessage.SOURCE_APP_DEFINED}" />
    </annotation>
  </item>
  <item name="com.urbanairship.iam.InAppMessageAdapter int onPrepare(android.content.Context, com.urbanairship.iam.assets.Assets)">
    <annotation name="androidx.annotation.IntDef">
      <val name="value" val="{com.urbanairship.iam.InAppMessageAdapter.OK, com.urbanairship.iam.InAppMessageAdapter.RETRY, com.urbanairship.iam.InAppMessageAdapter.CANCEL}" />
    </annotation>
  </item>
  <item name="com.urbanairship.iam.InAppMessageAdapter.PrepareResult">
    <annotation name="androidx.annotation.IntDef">
      <val name="value" val="{com.urbanairship.iam.InAppMessageAdapter.OK, com.urbanairship.iam.InAppMessageAdapter.RETRY, com.urbanairship.iam.InAppMessageAdapter.CANCEL}" />
    </annotation>
  </item>
  <item name="com.urbanairship.iam.InAppMessageManager int onCheckExecutionReadiness(java.lang.String)">
    <annotation name="androidx.annotation.IntDef">
      <val name="value" val="{com.urbanairship.automation.AutomationDriver.READY_RESULT_CONTINUE, com.urbanairship.automation.AutomationDriver.READY_RESULT_NOT_READY, com.urbanairship.automation.AutomationDriver.READY_RESULT_INVALIDATE, com.urbanairship.automation.AutomationDriver.READY_RESULT_SKIP}" />
    </annotation>
  </item>
  <item name="com.urbanairship.iam.InAppMessageManager void setAdapterFactory(java.lang.String, com.urbanairship.iam.InAppMessageAdapter.Factory) 0">
    <annotation name="androidx.annotation.StringDef">
      <val name="value" val="{com.urbanairship.iam.InAppMessage.TYPE_BANNER, com.urbanairship.iam.InAppMessage.TYPE_CUSTOM, com.urbanairship.iam.InAppMessage.TYPE_FULLSCREEN, com.urbanairship.iam.InAppMessage.TYPE_MODAL, com.urbanairship.iam.InAppMessage.TYPE_HTML, com.urbanairship.iam.InAppMessage.TYPE_AIRSHIP_LAYOUT}" />
    </annotation>
  </item>
  <item name="com.urbanairship.iam.LegacyInAppMessage java.lang.String getPlacement()">
    <annotation name="androidx.annotation.StringDef">
      <val name="value" val="{com.urbanairship.iam.banner.BannerDisplayContent.PLACEMENT_TOP, com.urbanairship.iam.banner.BannerDisplayContent.PLACEMENT_BOTTOM}" />
    </annotation>
  </item>
  <item name="com.urbanairship.iam.LegacyInAppMessage placement">
    <annotation name="androidx.annotation.StringDef">
      <val name="value" val="{com.urbanairship.iam.banner.BannerDisplayContent.PLACEMENT_TOP, com.urbanairship.iam.banner.BannerDisplayContent.PLACEMENT_BOTTOM}" />
    </annotation>
  </item>
  <item name="com.urbanairship.iam.LegacyInAppMessage.Builder com.urbanairship.iam.LegacyInAppMessage.Builder setPlacement(java.lang.String) 0">
    <annotation name="androidx.annotation.StringDef">
      <val name="value" val="{com.urbanairship.iam.banner.BannerDisplayContent.PLACEMENT_TOP, com.urbanairship.iam.banner.BannerDisplayContent.PLACEMENT_BOTTOM}" />
    </annotation>
  </item>
  <item name="com.urbanairship.iam.LegacyInAppMessage.Builder placement">
    <annotation name="androidx.annotation.StringDef">
      <val name="value" val="{com.urbanairship.iam.banner.BannerDisplayContent.PLACEMENT_TOP, com.urbanairship.iam.banner.BannerDisplayContent.PLACEMENT_BOTTOM}" />
    </annotation>
  </item>
  <item name="com.urbanairship.iam.MediaDisplayAdapter int onPrepare(android.content.Context, com.urbanairship.iam.assets.Assets)">
    <annotation name="androidx.annotation.IntDef">
      <val name="value" val="{com.urbanairship.iam.InAppMessageAdapter.OK, com.urbanairship.iam.InAppMessageAdapter.RETRY, com.urbanairship.iam.InAppMessageAdapter.CANCEL}" />
    </annotation>
  </item>
  <item name="com.urbanairship.iam.MediaInfo java.lang.String getType()">
    <annotation name="androidx.annotation.StringDef">
      <val name="value" val="{com.urbanairship.iam.MediaInfo.TYPE_IMAGE, com.urbanairship.iam.MediaInfo.TYPE_VIDEO, com.urbanairship.iam.MediaInfo.TYPE_YOUTUBE}" />
    </annotation>
  </item>
  <item name="com.urbanairship.iam.MediaInfo.Builder com.urbanairship.iam.MediaInfo.Builder setType(java.lang.String) 0">
    <annotation name="androidx.annotation.StringDef">
      <val name="value" val="{com.urbanairship.iam.MediaInfo.TYPE_IMAGE, com.urbanairship.iam.MediaInfo.TYPE_VIDEO, com.urbanairship.iam.MediaInfo.TYPE_YOUTUBE}" />
    </annotation>
  </item>
  <item name="com.urbanairship.iam.ResolutionInfo ResolutionInfo(java.lang.String) 0">
    <annotation name="androidx.annotation.StringDef">
      <val name="value" val="{com.urbanairship.iam.ResolutionInfo.RESOLUTION_BUTTON_CLICK, com.urbanairship.iam.ResolutionInfo.RESOLUTION_MESSAGE_CLICK, com.urbanairship.iam.ResolutionInfo.RESOLUTION_USER_DISMISSED, com.urbanairship.iam.ResolutionInfo.RESOLUTION_TIMED_OUT}" />
    </annotation>
  </item>
  <item name="com.urbanairship.iam.ResolutionInfo ResolutionInfo(java.lang.String, com.urbanairship.iam.ButtonInfo) 0">
    <annotation name="androidx.annotation.StringDef">
      <val name="value" val="{com.urbanairship.iam.ResolutionInfo.RESOLUTION_BUTTON_CLICK, com.urbanairship.iam.ResolutionInfo.RESOLUTION_MESSAGE_CLICK, com.urbanairship.iam.ResolutionInfo.RESOLUTION_USER_DISMISSED, com.urbanairship.iam.ResolutionInfo.RESOLUTION_TIMED_OUT}" />
    </annotation>
  </item>
  <item name="com.urbanairship.iam.ResolutionInfo java.lang.String getType()">
    <annotation name="androidx.annotation.StringDef">
      <val name="value" val="{com.urbanairship.iam.ResolutionInfo.RESOLUTION_BUTTON_CLICK, com.urbanairship.iam.ResolutionInfo.RESOLUTION_MESSAGE_CLICK, com.urbanairship.iam.ResolutionInfo.RESOLUTION_USER_DISMISSED, com.urbanairship.iam.ResolutionInfo.RESOLUTION_TIMED_OUT}" />
    </annotation>
  </item>
  <item name="com.urbanairship.iam.ResolutionInfo.Type">
    <annotation name="androidx.annotation.StringDef">
      <val name="value" val="{com.urbanairship.iam.ResolutionInfo.RESOLUTION_BUTTON_CLICK, com.urbanairship.iam.ResolutionInfo.RESOLUTION_MESSAGE_CLICK, com.urbanairship.iam.ResolutionInfo.RESOLUTION_USER_DISMISSED, com.urbanairship.iam.ResolutionInfo.RESOLUTION_TIMED_OUT}" />
    </annotation>
  </item>
  <item name="com.urbanairship.iam.TextInfo alignment">
    <annotation name="androidx.annotation.StringDef">
      <val name="value" val="{com.urbanairship.iam.TextInfo.ALIGNMENT_RIGHT, com.urbanairship.iam.TextInfo.ALIGNMENT_LEFT, com.urbanairship.iam.TextInfo.ALIGNMENT_CENTER}" />
    </annotation>
  </item>
  <item name="com.urbanairship.iam.TextInfo java.lang.String getAlignment()">
    <annotation name="androidx.annotation.StringDef">
      <val name="value" val="{com.urbanairship.iam.TextInfo.ALIGNMENT_RIGHT, com.urbanairship.iam.TextInfo.ALIGNMENT_LEFT, com.urbanairship.iam.TextInfo.ALIGNMENT_CENTER}" />
    </annotation>
  </item>
  <item name="com.urbanairship.iam.TextInfo java.util.List&lt;java.lang.String&gt; getStyles()">
    <annotation name="androidx.annotation.StringDef">
      <val name="value" val="{com.urbanairship.iam.TextInfo.STYLE_BOLD, com.urbanairship.iam.TextInfo.STYLE_UNDERLINE, com.urbanairship.iam.TextInfo.STYLE_ITALIC}" />
    </annotation>
  </item>
  <item name="com.urbanairship.iam.TextInfo styles">
    <annotation name="androidx.annotation.StringDef">
      <val name="value" val="{com.urbanairship.iam.TextInfo.STYLE_BOLD, com.urbanairship.iam.TextInfo.STYLE_UNDERLINE, com.urbanairship.iam.TextInfo.STYLE_ITALIC}" />
    </annotation>
  </item>
  <item name="com.urbanairship.iam.TextInfo.Alignment">
    <annotation name="androidx.annotation.StringDef">
      <val name="value" val="{com.urbanairship.iam.TextInfo.ALIGNMENT_RIGHT, com.urbanairship.iam.TextInfo.ALIGNMENT_LEFT, com.urbanairship.iam.TextInfo.ALIGNMENT_CENTER}" />
    </annotation>
  </item>
  <item name="com.urbanairship.iam.TextInfo.Builder alignment">
    <annotation name="androidx.annotation.StringDef">
      <val name="value" val="{com.urbanairship.iam.TextInfo.ALIGNMENT_RIGHT, com.urbanairship.iam.TextInfo.ALIGNMENT_LEFT, com.urbanairship.iam.TextInfo.ALIGNMENT_CENTER}" />
    </annotation>
  </item>
  <item name="com.urbanairship.iam.TextInfo.Builder com.urbanairship.iam.TextInfo.Builder addStyle(java.lang.String) 0">
    <annotation name="androidx.annotation.StringDef">
      <val name="value" val="{com.urbanairship.iam.TextInfo.STYLE_BOLD, com.urbanairship.iam.TextInfo.STYLE_UNDERLINE, com.urbanairship.iam.TextInfo.STYLE_ITALIC}" />
    </annotation>
  </item>
  <item name="com.urbanairship.iam.TextInfo.Builder com.urbanairship.iam.TextInfo.Builder setAlignment(java.lang.String) 0">
    <annotation name="androidx.annotation.StringDef">
      <val name="value" val="{com.urbanairship.iam.TextInfo.ALIGNMENT_RIGHT, com.urbanairship.iam.TextInfo.ALIGNMENT_LEFT, com.urbanairship.iam.TextInfo.ALIGNMENT_CENTER}" />
    </annotation>
  </item>
  <item name="com.urbanairship.iam.TextInfo.Style">
    <annotation name="androidx.annotation.StringDef">
      <val name="value" val="{com.urbanairship.iam.TextInfo.STYLE_BOLD, com.urbanairship.iam.TextInfo.STYLE_UNDERLINE, com.urbanairship.iam.TextInfo.STYLE_ITALIC}" />
    </annotation>
  </item>
</root>

