<?xml version="1.0" encoding="UTF-8"?>
<root>
  <item name="com.urbanairship.AirshipComponent boolean onAirshipDeepLink(android.net.Uri)">
    <annotation name="androidx.annotation.IntDef">
      <val name="value" val="{com.urbanairship.AirshipComponentGroups.NONE, com.urbanairship.AirshipComponentGroups.PUSH, com.urbanairship.AirshipComponentGroups.ANALYTICS, com.urbanairship.AirshipComponentGroups.MESSAGE_CENTER, com.urbanairship.AirshipComponentGroups.IN_APP, com.urbanairship.AirshipComponentGroups.ACTION_AUTOMATION, com.urbanairship.AirshipComponentGroups.NAMED_USER, com.urbanairship.AirshipComponentGroups.LOCATION, com.urbanairship.AirshipComponentGroups.CHANNEL, com.urbanairship.AirshipComponentGroups.CHAT, com.urbanairship.AirshipComponentGroups.CONTACT, com.urbanairship.AirshipComponentGroups.PREFERENCE_CENTER, com.urbanairship.AirshipComponentGroups.LIVE_UPDATE, com.urbanairship.AirshipComponentGroups.EXPERIMENT, com.urbanairship.AirshipComponentGroups.FEATURE_FLAGS}" />
    </annotation>
  </item>
  <item name="com.urbanairship.AirshipComponent int getComponentGroup()">
    <annotation name="androidx.annotation.IntDef">
      <val name="value" val="{com.urbanairship.AirshipComponentGroups.NONE, com.urbanairship.AirshipComponentGroups.PUSH, com.urbanairship.AirshipComponentGroups.ANALYTICS, com.urbanairship.AirshipComponentGroups.MESSAGE_CENTER, com.urbanairship.AirshipComponentGroups.IN_APP, com.urbanairship.AirshipComponentGroups.ACTION_AUTOMATION, com.urbanairship.AirshipComponentGroups.NAMED_USER, com.urbanairship.AirshipComponentGroups.LOCATION, com.urbanairship.AirshipComponentGroups.CHANNEL, com.urbanairship.AirshipComponentGroups.CHAT, com.urbanairship.AirshipComponentGroups.CONTACT, com.urbanairship.AirshipComponentGroups.PREFERENCE_CENTER, com.urbanairship.AirshipComponentGroups.LIVE_UPDATE, com.urbanairship.AirshipComponentGroups.EXPERIMENT, com.urbanairship.AirshipComponentGroups.FEATURE_FLAGS}" />
    </annotation>
  </item>
  <item name="com.urbanairship.AirshipComponentGroups.Group">
    <annotation name="androidx.annotation.IntDef">
      <val name="value" val="{com.urbanairship.AirshipComponentGroups.NONE, com.urbanairship.AirshipComponentGroups.PUSH, com.urbanairship.AirshipComponentGroups.ANALYTICS, com.urbanairship.AirshipComponentGroups.MESSAGE_CENTER, com.urbanairship.AirshipComponentGroups.IN_APP, com.urbanairship.AirshipComponentGroups.ACTION_AUTOMATION, com.urbanairship.AirshipComponentGroups.NAMED_USER, com.urbanairship.AirshipComponentGroups.LOCATION, com.urbanairship.AirshipComponentGroups.CHANNEL, com.urbanairship.AirshipComponentGroups.CHAT, com.urbanairship.AirshipComponentGroups.CONTACT, com.urbanairship.AirshipComponentGroups.PREFERENCE_CENTER, com.urbanairship.AirshipComponentGroups.LIVE_UPDATE, com.urbanairship.AirshipComponentGroups.EXPERIMENT, com.urbanairship.AirshipComponentGroups.FEATURE_FLAGS}" />
    </annotation>
  </item>
  <item name="com.urbanairship.AirshipConfigOptions enabledFeatures">
    <annotation name="androidx.annotation.IntDef">
      <val name="flag" val="true" />
      <val name="value" val="{com.urbanairship.PrivacyManager.FEATURE_NONE, com.urbanairship.PrivacyManager.FEATURE_IN_APP_AUTOMATION, com.urbanairship.PrivacyManager.FEATURE_MESSAGE_CENTER, com.urbanairship.PrivacyManager.FEATURE_PUSH, com.urbanairship.PrivacyManager.FEATURE_ANALYTICS, com.urbanairship.PrivacyManager.FEATURE_TAGS_AND_ATTRIBUTES, com.urbanairship.PrivacyManager.FEATURE_CONTACTS, com.urbanairship.PrivacyManager.FEATURE_ALL}" />
    </annotation>
  </item>
  <item name="com.urbanairship.AirshipConfigOptions java.lang.String parseSite(java.lang.String)">
    <annotation name="androidx.annotation.StringDef">
      <val name="value" val="{com.urbanairship.AirshipConfigOptions.SITE_US, com.urbanairship.AirshipConfigOptions.SITE_EU}" />
    </annotation>
  </item>
  <item name="com.urbanairship.AirshipConfigOptions.Builder com.urbanairship.AirshipConfigOptions.Builder setEnabledFeatures(int...) 0">
    <annotation name="androidx.annotation.IntDef">
      <val name="flag" val="true" />
      <val name="value" val="{com.urbanairship.PrivacyManager.FEATURE_NONE, com.urbanairship.PrivacyManager.FEATURE_IN_APP_AUTOMATION, com.urbanairship.PrivacyManager.FEATURE_MESSAGE_CENTER, com.urbanairship.PrivacyManager.FEATURE_PUSH, com.urbanairship.PrivacyManager.FEATURE_ANALYTICS, com.urbanairship.PrivacyManager.FEATURE_TAGS_AND_ATTRIBUTES, com.urbanairship.PrivacyManager.FEATURE_CONTACTS, com.urbanairship.PrivacyManager.FEATURE_ALL}" />
    </annotation>
  </item>
  <item name="com.urbanairship.AirshipConfigOptions.Builder com.urbanairship.AirshipConfigOptions.Builder setSite(java.lang.String) 0">
    <annotation name="androidx.annotation.StringDef">
      <val name="value" val="{com.urbanairship.AirshipConfigOptions.SITE_US, com.urbanairship.AirshipConfigOptions.SITE_EU}" />
    </annotation>
  </item>
  <item name="com.urbanairship.AirshipConfigOptions.Builder enabledFeatures">
    <annotation name="androidx.annotation.IntDef">
      <val name="flag" val="true" />
      <val name="value" val="{com.urbanairship.PrivacyManager.FEATURE_NONE, com.urbanairship.PrivacyManager.FEATURE_IN_APP_AUTOMATION, com.urbanairship.PrivacyManager.FEATURE_MESSAGE_CENTER, com.urbanairship.PrivacyManager.FEATURE_PUSH, com.urbanairship.PrivacyManager.FEATURE_ANALYTICS, com.urbanairship.PrivacyManager.FEATURE_TAGS_AND_ATTRIBUTES, com.urbanairship.PrivacyManager.FEATURE_CONTACTS, com.urbanairship.PrivacyManager.FEATURE_ALL}" />
    </annotation>
  </item>
  <item name="com.urbanairship.AirshipConfigOptions.Builder int convertFeatureNames(java.lang.String[])">
    <annotation name="androidx.annotation.IntDef">
      <val name="flag" val="true" />
      <val name="value" val="{com.urbanairship.PrivacyManager.FEATURE_NONE, com.urbanairship.PrivacyManager.FEATURE_IN_APP_AUTOMATION, com.urbanairship.PrivacyManager.FEATURE_MESSAGE_CENTER, com.urbanairship.PrivacyManager.FEATURE_PUSH, com.urbanairship.PrivacyManager.FEATURE_ANALYTICS, com.urbanairship.PrivacyManager.FEATURE_TAGS_AND_ATTRIBUTES, com.urbanairship.PrivacyManager.FEATURE_CONTACTS, com.urbanairship.PrivacyManager.FEATURE_ALL}" />
    </annotation>
  </item>
  <item name="com.urbanairship.AirshipConfigOptions.Builder site">
    <annotation name="androidx.annotation.StringDef">
      <val name="value" val="{com.urbanairship.AirshipConfigOptions.SITE_US, com.urbanairship.AirshipConfigOptions.SITE_EU}" />
    </annotation>
  </item>
  <item name="com.urbanairship.AirshipConfigOptions.Site">
    <annotation name="androidx.annotation.StringDef">
      <val name="value" val="{com.urbanairship.AirshipConfigOptions.SITE_US, com.urbanairship.AirshipConfigOptions.SITE_EU}" />
    </annotation>
  </item>
  <item name="com.urbanairship.DeferredPlatformProvider int determinePlatform()">
    <annotation name="androidx.annotation.IntDef">
      <val name="value" val="{com.urbanairship.UAirship.AMAZON_PLATFORM, com.urbanairship.UAirship.ANDROID_PLATFORM, com.urbanairship.UAirship.UNKNOWN_PLATFORM}" />
    </annotation>
  </item>
  <item name="com.urbanairship.DeferredPlatformProvider int getPlatform()">
    <annotation name="androidx.annotation.IntDef">
      <val name="value" val="{com.urbanairship.UAirship.AMAZON_PLATFORM, com.urbanairship.UAirship.ANDROID_PLATFORM, com.urbanairship.UAirship.UNKNOWN_PLATFORM}" />
    </annotation>
  </item>
  <item name="com.urbanairship.PrivacyManager PrivacyManager(com.urbanairship.PreferenceDataStore, int) 1">
    <annotation name="androidx.annotation.IntDef">
      <val name="flag" val="true" />
      <val name="value" val="{com.urbanairship.PrivacyManager.FEATURE_NONE, com.urbanairship.PrivacyManager.FEATURE_IN_APP_AUTOMATION, com.urbanairship.PrivacyManager.FEATURE_MESSAGE_CENTER, com.urbanairship.PrivacyManager.FEATURE_PUSH, com.urbanairship.PrivacyManager.FEATURE_ANALYTICS, com.urbanairship.PrivacyManager.FEATURE_TAGS_AND_ATTRIBUTES, com.urbanairship.PrivacyManager.FEATURE_CONTACTS, com.urbanairship.PrivacyManager.FEATURE_ALL}" />
    </annotation>
  </item>
  <item name="com.urbanairship.PrivacyManager boolean isAnyEnabled(int...) 0">
    <annotation name="androidx.annotation.IntDef">
      <val name="flag" val="true" />
      <val name="value" val="{com.urbanairship.PrivacyManager.FEATURE_NONE, com.urbanairship.PrivacyManager.FEATURE_IN_APP_AUTOMATION, com.urbanairship.PrivacyManager.FEATURE_MESSAGE_CENTER, com.urbanairship.PrivacyManager.FEATURE_PUSH, com.urbanairship.PrivacyManager.FEATURE_ANALYTICS, com.urbanairship.PrivacyManager.FEATURE_TAGS_AND_ATTRIBUTES, com.urbanairship.PrivacyManager.FEATURE_CONTACTS, com.urbanairship.PrivacyManager.FEATURE_ALL}" />
    </annotation>
  </item>
  <item name="com.urbanairship.PrivacyManager boolean isEnabled(int...) 0">
    <annotation name="androidx.annotation.IntDef">
      <val name="flag" val="true" />
      <val name="value" val="{com.urbanairship.PrivacyManager.FEATURE_NONE, com.urbanairship.PrivacyManager.FEATURE_IN_APP_AUTOMATION, com.urbanairship.PrivacyManager.FEATURE_MESSAGE_CENTER, com.urbanairship.PrivacyManager.FEATURE_PUSH, com.urbanairship.PrivacyManager.FEATURE_ANALYTICS, com.urbanairship.PrivacyManager.FEATURE_TAGS_AND_ATTRIBUTES, com.urbanairship.PrivacyManager.FEATURE_CONTACTS, com.urbanairship.PrivacyManager.FEATURE_ALL}" />
    </annotation>
  </item>
  <item name="com.urbanairship.PrivacyManager int combine(int...) 0">
    <annotation name="androidx.annotation.IntDef">
      <val name="flag" val="true" />
      <val name="value" val="{com.urbanairship.PrivacyManager.FEATURE_NONE, com.urbanairship.PrivacyManager.FEATURE_IN_APP_AUTOMATION, com.urbanairship.PrivacyManager.FEATURE_MESSAGE_CENTER, com.urbanairship.PrivacyManager.FEATURE_PUSH, com.urbanairship.PrivacyManager.FEATURE_ANALYTICS, com.urbanairship.PrivacyManager.FEATURE_TAGS_AND_ATTRIBUTES, com.urbanairship.PrivacyManager.FEATURE_CONTACTS, com.urbanairship.PrivacyManager.FEATURE_ALL}" />
    </annotation>
  </item>
  <item name="com.urbanairship.PrivacyManager int getEnabledFeatures()">
    <annotation name="androidx.annotation.IntDef">
      <val name="flag" val="true" />
      <val name="value" val="{com.urbanairship.PrivacyManager.FEATURE_NONE, com.urbanairship.PrivacyManager.FEATURE_IN_APP_AUTOMATION, com.urbanairship.PrivacyManager.FEATURE_MESSAGE_CENTER, com.urbanairship.PrivacyManager.FEATURE_PUSH, com.urbanairship.PrivacyManager.FEATURE_ANALYTICS, com.urbanairship.PrivacyManager.FEATURE_TAGS_AND_ATTRIBUTES, com.urbanairship.PrivacyManager.FEATURE_CONTACTS, com.urbanairship.PrivacyManager.FEATURE_ALL}" />
    </annotation>
  </item>
  <item name="com.urbanairship.PrivacyManager int loadEnabledFeatures(com.urbanairship.PreferenceDataStore, int) 1">
    <annotation name="androidx.annotation.IntDef">
      <val name="flag" val="true" />
      <val name="value" val="{com.urbanairship.PrivacyManager.FEATURE_NONE, com.urbanairship.PrivacyManager.FEATURE_IN_APP_AUTOMATION, com.urbanairship.PrivacyManager.FEATURE_MESSAGE_CENTER, com.urbanairship.PrivacyManager.FEATURE_PUSH, com.urbanairship.PrivacyManager.FEATURE_ANALYTICS, com.urbanairship.PrivacyManager.FEATURE_TAGS_AND_ATTRIBUTES, com.urbanairship.PrivacyManager.FEATURE_CONTACTS, com.urbanairship.PrivacyManager.FEATURE_ALL}" />
    </annotation>
  </item>
  <item name="com.urbanairship.PrivacyManager void disable(int...) 0">
    <annotation name="androidx.annotation.IntDef">
      <val name="flag" val="true" />
      <val name="value" val="{com.urbanairship.PrivacyManager.FEATURE_NONE, com.urbanairship.PrivacyManager.FEATURE_IN_APP_AUTOMATION, com.urbanairship.PrivacyManager.FEATURE_MESSAGE_CENTER, com.urbanairship.PrivacyManager.FEATURE_PUSH, com.urbanairship.PrivacyManager.FEATURE_ANALYTICS, com.urbanairship.PrivacyManager.FEATURE_TAGS_AND_ATTRIBUTES, com.urbanairship.PrivacyManager.FEATURE_CONTACTS, com.urbanairship.PrivacyManager.FEATURE_ALL}" />
    </annotation>
  </item>
  <item name="com.urbanairship.PrivacyManager void enable(int...) 0">
    <annotation name="androidx.annotation.IntDef">
      <val name="flag" val="true" />
      <val name="value" val="{com.urbanairship.PrivacyManager.FEATURE_NONE, com.urbanairship.PrivacyManager.FEATURE_IN_APP_AUTOMATION, com.urbanairship.PrivacyManager.FEATURE_MESSAGE_CENTER, com.urbanairship.PrivacyManager.FEATURE_PUSH, com.urbanairship.PrivacyManager.FEATURE_ANALYTICS, com.urbanairship.PrivacyManager.FEATURE_TAGS_AND_ATTRIBUTES, com.urbanairship.PrivacyManager.FEATURE_CONTACTS, com.urbanairship.PrivacyManager.FEATURE_ALL}" />
    </annotation>
  </item>
  <item name="com.urbanairship.PrivacyManager void setEnabledFeatures(int...) 0">
    <annotation name="androidx.annotation.IntDef">
      <val name="flag" val="true" />
      <val name="value" val="{com.urbanairship.PrivacyManager.FEATURE_NONE, com.urbanairship.PrivacyManager.FEATURE_IN_APP_AUTOMATION, com.urbanairship.PrivacyManager.FEATURE_MESSAGE_CENTER, com.urbanairship.PrivacyManager.FEATURE_PUSH, com.urbanairship.PrivacyManager.FEATURE_ANALYTICS, com.urbanairship.PrivacyManager.FEATURE_TAGS_AND_ATTRIBUTES, com.urbanairship.PrivacyManager.FEATURE_CONTACTS, com.urbanairship.PrivacyManager.FEATURE_ALL}" />
    </annotation>
  </item>
  <item name="com.urbanairship.PrivacyManager.Feature">
    <annotation name="androidx.annotation.IntDef">
      <val name="flag" val="true" />
      <val name="value" val="{com.urbanairship.PrivacyManager.FEATURE_NONE, com.urbanairship.PrivacyManager.FEATURE_IN_APP_AUTOMATION, com.urbanairship.PrivacyManager.FEATURE_MESSAGE_CENTER, com.urbanairship.PrivacyManager.FEATURE_PUSH, com.urbanairship.PrivacyManager.FEATURE_ANALYTICS, com.urbanairship.PrivacyManager.FEATURE_TAGS_AND_ATTRIBUTES, com.urbanairship.PrivacyManager.FEATURE_CONTACTS, com.urbanairship.PrivacyManager.FEATURE_ALL}" />
    </annotation>
  </item>
  <item name="com.urbanairship.PushProviders com.urbanairship.push.PushProvider getBestProvider(int) 0">
    <annotation name="androidx.annotation.IntDef">
      <val name="value" val="{com.urbanairship.UAirship.AMAZON_PLATFORM, com.urbanairship.UAirship.ANDROID_PLATFORM, com.urbanairship.UAirship.UNKNOWN_PLATFORM}" />
    </annotation>
  </item>
  <item name="com.urbanairship.PushProviders com.urbanairship.push.PushProvider getProvider(int, java.lang.String) 0">
    <annotation name="androidx.annotation.IntDef">
      <val name="value" val="{com.urbanairship.UAirship.AMAZON_PLATFORM, com.urbanairship.UAirship.ANDROID_PLATFORM, com.urbanairship.UAirship.UNKNOWN_PLATFORM}" />
    </annotation>
  </item>
  <item name="com.urbanairship.UAirship int getPlatformType()">
    <annotation name="androidx.annotation.IntDef">
      <val name="value" val="{com.urbanairship.UAirship.AMAZON_PLATFORM, com.urbanairship.UAirship.ANDROID_PLATFORM, com.urbanairship.UAirship.UNKNOWN_PLATFORM}" />
    </annotation>
  </item>
  <item name="com.urbanairship.UAirship.Platform">
    <annotation name="androidx.annotation.IntDef">
      <val name="value" val="{com.urbanairship.UAirship.AMAZON_PLATFORM, com.urbanairship.UAirship.ANDROID_PLATFORM, com.urbanairship.UAirship.UNKNOWN_PLATFORM}" />
    </annotation>
  </item>
  <item name="com.urbanairship.UrlAllowList boolean addEntry(java.lang.String, int) 1">
    <annotation name="androidx.annotation.IntDef">
      <val name="flag" val="true" />
      <val name="value" val="{com.urbanairship.UrlAllowList.SCOPE_JAVASCRIPT_INTERFACE, com.urbanairship.UrlAllowList.SCOPE_OPEN_URL, com.urbanairship.UrlAllowList.SCOPE_ALL}" />
    </annotation>
  </item>
  <item name="com.urbanairship.UrlAllowList boolean isAllowed(java.lang.String, int) 1">
    <annotation name="androidx.annotation.IntDef">
      <val name="flag" val="true" />
      <val name="value" val="{com.urbanairship.UrlAllowList.SCOPE_JAVASCRIPT_INTERFACE, com.urbanairship.UrlAllowList.SCOPE_OPEN_URL, com.urbanairship.UrlAllowList.SCOPE_ALL}" />
    </annotation>
  </item>
  <item name="com.urbanairship.UrlAllowList void addEntry(com.urbanairship.UrlAllowList.UriPattern, int) 1">
    <annotation name="androidx.annotation.IntDef">
      <val name="flag" val="true" />
      <val name="value" val="{com.urbanairship.UrlAllowList.SCOPE_JAVASCRIPT_INTERFACE, com.urbanairship.UrlAllowList.SCOPE_OPEN_URL, com.urbanairship.UrlAllowList.SCOPE_ALL}" />
    </annotation>
  </item>
  <item name="com.urbanairship.UrlAllowList.Entry Entry(com.urbanairship.UrlAllowList.UriPattern, int) 1">
    <annotation name="androidx.annotation.IntDef">
      <val name="flag" val="true" />
      <val name="value" val="{com.urbanairship.UrlAllowList.SCOPE_JAVASCRIPT_INTERFACE, com.urbanairship.UrlAllowList.SCOPE_OPEN_URL, com.urbanairship.UrlAllowList.SCOPE_ALL}" />
    </annotation>
  </item>
  <item name="com.urbanairship.UrlAllowList.OnUrlAllowListCallback boolean allowUrl(java.lang.String, int) 1">
    <annotation name="androidx.annotation.IntDef">
      <val name="flag" val="true" />
      <val name="value" val="{com.urbanairship.UrlAllowList.SCOPE_JAVASCRIPT_INTERFACE, com.urbanairship.UrlAllowList.SCOPE_OPEN_URL, com.urbanairship.UrlAllowList.SCOPE_ALL}" />
    </annotation>
  </item>
  <item name="com.urbanairship.UrlAllowList.Scope">
    <annotation name="androidx.annotation.IntDef">
      <val name="flag" val="true" />
      <val name="value" val="{com.urbanairship.UrlAllowList.SCOPE_JAVASCRIPT_INTERFACE, com.urbanairship.UrlAllowList.SCOPE_OPEN_URL, com.urbanairship.UrlAllowList.SCOPE_ALL}" />
    </annotation>
  </item>
</root>

