<?xml version="1.0" encoding="UTF-8"?>
<root>
  <item name="com.urbanairship.json.JsonPredicate java.lang.String getPredicateType(com.urbanairship.json.JsonMap)">
    <annotation name="androidx.annotation.StringDef">
      <val name="value" val="{com.urbanairship.json.JsonPredicate.OR_PREDICATE_TYPE, com.urbanairship.json.JsonPredicate.AND_PREDICATE_TYPE, com.urbanairship.json.JsonPredicate.NOT_PREDICATE_TYPE}" />
    </annotation>
  </item>
  <item name="com.urbanairship.json.JsonPredicate.Builder com.urbanairship.json.JsonPredicate.Builder setPredicateType(java.lang.String) 0">
    <annotation name="androidx.annotation.StringDef">
      <val name="value" val="{com.urbanairship.json.JsonPredicate.OR_PREDICATE_TYPE, com.urbanairship.json.JsonPredicate.AND_PREDICATE_TYPE, com.urbanairship.json.JsonPredicate.NOT_PREDICATE_TYPE}" />
    </annotation>
  </item>
  <item name="com.urbanairship.json.JsonPredicate.PredicateType">
    <annotation name="androidx.annotation.StringDef">
      <val name="value" val="{com.urbanairship.json.JsonPredicate.OR_PREDICATE_TYPE, com.urbanairship.json.JsonPredicate.AND_PREDICATE_TYPE, com.urbanairship.json.JsonPredicate.NOT_PREDICATE_TYPE}" />
    </annotation>
  </item>
</root>

