<?xml version="1.0" encoding="UTF-8"?>
<root>
  <item name="com.urbanairship.channel.ChannelRegistrationPayload.Builder com.urbanairship.channel.ChannelRegistrationPayload.Builder setDeliveryType(java.lang.String) 0">
    <annotation name="androidx.annotation.StringDef">
      <val name="value" val="{com.urbanairship.push.PushProvider.ADM_DELIVERY_TYPE, com.urbanairship.push.PushProvider.FCM_DELIVERY_TYPE, com.urbanairship.push.PushProvider.HMS_DELIVERY_TYPE}" />
    </annotation>
  </item>
  <item name="com.urbanairship.channel.ChannelRegistrationPayload.Builder com.urbanairship.channel.ChannelRegistrationPayload.Builder setDeviceType(java.lang.String) 0">
    <annotation name="androidx.annotation.StringDef">
      <val name="value" val="{com.urbanairship.channel.ChannelRegistrationPayload.AMAZON_DEVICE_TYPE, com.urbanairship.channel.ChannelRegistrationPayload.ANDROID_DEVICE_TYPE}" />
    </annotation>
  </item>
  <item name="com.urbanairship.channel.ChannelRegistrationPayload.DeviceType">
    <annotation name="androidx.annotation.StringDef">
      <val name="value" val="{com.urbanairship.channel.ChannelRegistrationPayload.AMAZON_DEVICE_TYPE, com.urbanairship.channel.ChannelRegistrationPayload.ANDROID_DEVICE_TYPE}" />
    </annotation>
  </item>
</root>

