<?xml version="1.0" encoding="UTF-8"?>
<root>
  <item name="com.urbanairship.push.PushManager int getComponentGroup()">
    <annotation name="androidx.annotation.IntDef">
      <val name="value" val="{com.urbanairship.AirshipComponentGroups.NONE, com.urbanairship.AirshipComponentGroups.PUSH, com.urbanairship.AirshipComponentGroups.ANALYTICS, com.urbanairship.AirshipComponentGroups.MESSAGE_CENTER, com.urbanairship.AirshipComponentGroups.IN_APP, com.urbanairship.AirshipComponentGroups.ACTION_AUTOMATION, com.urbanairship.AirshipComponentGroups.NAMED_USER, com.urbanairship.AirshipComponentGroups.LOCATION, com.urbanairship.AirshipComponentGroups.CHANNEL, com.urbanairship.AirshipComponentGroups.CHAT, com.urbanairship.AirshipComponentGroups.CONTACT, com.urbanairship.AirshipComponentGroups.PREFERENCE_CENTER, com.urbanairship.AirshipComponentGroups.LIVE_UPDATE, com.urbanairship.AirshipComponentGroups.EXPERIMENT, com.urbanairship.AirshipComponentGroups.FEATURE_FLAGS}" />
    </annotation>
  </item>
  <item name="com.urbanairship.push.PushProvider int getPlatform()">
    <annotation name="androidx.annotation.IntDef">
      <val name="value" val="{com.urbanairship.UAirship.AMAZON_PLATFORM, com.urbanairship.UAirship.ANDROID_PLATFORM, com.urbanairship.UAirship.UNKNOWN_PLATFORM}" />
    </annotation>
  </item>
  <item name="com.urbanairship.push.PushProvider java.lang.String getDeliveryType()">
    <annotation name="androidx.annotation.StringDef">
      <val name="value" val="{com.urbanairship.push.PushProvider.ADM_DELIVERY_TYPE, com.urbanairship.push.PushProvider.FCM_DELIVERY_TYPE, com.urbanairship.push.PushProvider.HMS_DELIVERY_TYPE}" />
    </annotation>
  </item>
  <item name="com.urbanairship.push.PushProvider.DeliveryType">
    <annotation name="androidx.annotation.StringDef">
      <val name="value" val="{com.urbanairship.push.PushProvider.ADM_DELIVERY_TYPE, com.urbanairship.push.PushProvider.FCM_DELIVERY_TYPE, com.urbanairship.push.PushProvider.HMS_DELIVERY_TYPE}" />
    </annotation>
  </item>
</root>

