<?xml version="1.0" encoding="UTF-8"?>
<root>
  <item name="com.urbanairship.analytics.location.LocationEvent LocationEvent(android.location.Location, int, int, int, boolean) 1">
    <annotation name="androidx.annotation.IntDef">
      <val name="value" val="{com.urbanairship.analytics.location.LocationEvent.UPDATE_TYPE_CONTINUOUS, com.urbanairship.analytics.location.LocationEvent.UPDATE_TYPE_SINGLE}" />
    </annotation>
  </item>
  <item name="com.urbanairship.analytics.location.LocationEvent int getPriority()">
    <annotation name="androidx.annotation.IntDef">
      <val name="value" val="{com.urbanairship.analytics.Event.LOW_PRIORITY, com.urbanairship.analytics.Event.NORMAL_PRIORITY, com.urbanairship.analytics.Event.HIGH_PRIORITY}" />
    </annotation>
  </item>
  <item name="com.urbanairship.analytics.location.LocationEvent updateType">
    <annotation name="androidx.annotation.IntDef">
      <val name="value" val="{com.urbanairship.analytics.location.LocationEvent.UPDATE_TYPE_CONTINUOUS, com.urbanairship.analytics.location.LocationEvent.UPDATE_TYPE_SINGLE}" />
    </annotation>
  </item>
  <item name="com.urbanairship.analytics.location.LocationEvent.UpdateType">
    <annotation name="androidx.annotation.IntDef">
      <val name="value" val="{com.urbanairship.analytics.location.LocationEvent.UPDATE_TYPE_CONTINUOUS, com.urbanairship.analytics.location.LocationEvent.UPDATE_TYPE_SINGLE}" />
    </annotation>
  </item>
  <item name="com.urbanairship.analytics.location.RegionEvent int getBoundaryEvent()">
    <annotation name="androidx.annotation.IntDef">
      <val name="value" val="{com.urbanairship.analytics.location.RegionEvent.BOUNDARY_EVENT_ENTER, com.urbanairship.analytics.location.RegionEvent.BOUNDARY_EVENT_EXIT}" />
    </annotation>
  </item>
  <item name="com.urbanairship.analytics.location.RegionEvent int getPriority()">
    <annotation name="androidx.annotation.IntDef">
      <val name="value" val="{com.urbanairship.analytics.Event.LOW_PRIORITY, com.urbanairship.analytics.Event.NORMAL_PRIORITY, com.urbanairship.analytics.Event.HIGH_PRIORITY}" />
    </annotation>
  </item>
  <item name="com.urbanairship.analytics.location.RegionEvent.Boundary">
    <annotation name="androidx.annotation.IntDef">
      <val name="value" val="{com.urbanairship.analytics.location.RegionEvent.BOUNDARY_EVENT_ENTER, com.urbanairship.analytics.location.RegionEvent.BOUNDARY_EVENT_EXIT}" />
    </annotation>
  </item>
</root>

