<?xml version="1.0" encoding="UTF-8"?>
<root>
  <item name="com.urbanairship.config.AirshipRuntimeConfig int getPlatform()">
    <annotation name="androidx.annotation.IntDef">
      <val name="value" val="{com.urbanairship.UAirship.AMAZON_PLATFORM, com.urbanairship.UAirship.ANDROID_PLATFORM, com.urbanairship.UAirship.UNKNOWN_PLATFORM}" />
    </annotation>
  </item>
  <item name="com.urbanairship.config.PlatformProvider int getPlatform()">
    <annotation name="androidx.annotation.IntDef">
      <val name="value" val="{com.urbanairship.UAirship.AMAZON_PLATFORM, com.urbanairship.UAirship.ANDROID_PLATFORM, com.urbanairship.UAirship.UNKNOWN_PLATFORM}" />
    </annotation>
  </item>
</root>

