<?xml version="1.0" encoding="UTF-8"?>
<root>
  <item name="com.urbanairship.iam.banner.BannerDismissLayout placement">
    <annotation name="androidx.annotation.StringDef">
      <val name="value" val="{com.urbanairship.iam.banner.BannerDisplayContent.PLACEMENT_TOP, com.urbanairship.iam.banner.BannerDisplayContent.PLACEMENT_BOTTOM}" />
    </annotation>
  </item>
  <item name="com.urbanairship.iam.banner.BannerDismissLayout void setPlacement(java.lang.String) 0">
    <annotation name="androidx.annotation.StringDef">
      <val name="value" val="{com.urbanairship.iam.banner.BannerDisplayContent.PLACEMENT_TOP, com.urbanairship.iam.banner.BannerDisplayContent.PLACEMENT_BOTTOM}" />
    </annotation>
  </item>
  <item name="com.urbanairship.iam.banner.BannerDisplayContent buttonLayout">
    <annotation name="androidx.annotation.StringDef">
      <val name="value" val="{com.urbanairship.iam.DisplayContent.BUTTON_LAYOUT_SEPARATE, com.urbanairship.iam.DisplayContent.BUTTON_LAYOUT_JOINED, com.urbanairship.iam.DisplayContent.BUTTON_LAYOUT_STACKED}" />
    </annotation>
  </item>
  <item name="com.urbanairship.iam.banner.BannerDisplayContent java.lang.String getButtonLayout()">
    <annotation name="androidx.annotation.StringDef">
      <val name="value" val="{com.urbanairship.iam.DisplayContent.BUTTON_LAYOUT_SEPARATE, com.urbanairship.iam.DisplayContent.BUTTON_LAYOUT_JOINED, com.urbanairship.iam.DisplayContent.BUTTON_LAYOUT_STACKED}" />
    </annotation>
  </item>
  <item name="com.urbanairship.iam.banner.BannerDisplayContent java.lang.String getPlacement()">
    <annotation name="androidx.annotation.StringDef">
      <val name="value" val="{com.urbanairship.iam.banner.BannerDisplayContent.PLACEMENT_TOP, com.urbanairship.iam.banner.BannerDisplayContent.PLACEMENT_BOTTOM}" />
    </annotation>
  </item>
  <item name="com.urbanairship.iam.banner.BannerDisplayContent java.lang.String getTemplate()">
    <annotation name="androidx.annotation.StringDef">
      <val name="value" val="{com.urbanairship.iam.banner.BannerDisplayContent.TEMPLATE_LEFT_MEDIA, com.urbanairship.iam.banner.BannerDisplayContent.TEMPLATE_RIGHT_MEDIA}" />
    </annotation>
  </item>
  <item name="com.urbanairship.iam.banner.BannerDisplayContent placement">
    <annotation name="androidx.annotation.StringDef">
      <val name="value" val="{com.urbanairship.iam.banner.BannerDisplayContent.PLACEMENT_TOP, com.urbanairship.iam.banner.BannerDisplayContent.PLACEMENT_BOTTOM}" />
    </annotation>
  </item>
  <item name="com.urbanairship.iam.banner.BannerDisplayContent template">
    <annotation name="androidx.annotation.StringDef">
      <val name="value" val="{com.urbanairship.iam.banner.BannerDisplayContent.TEMPLATE_LEFT_MEDIA, com.urbanairship.iam.banner.BannerDisplayContent.TEMPLATE_RIGHT_MEDIA}" />
    </annotation>
  </item>
  <item name="com.urbanairship.iam.banner.BannerDisplayContent.Builder buttonLayout">
    <annotation name="androidx.annotation.StringDef">
      <val name="value" val="{com.urbanairship.iam.DisplayContent.BUTTON_LAYOUT_SEPARATE, com.urbanairship.iam.DisplayContent.BUTTON_LAYOUT_JOINED, com.urbanairship.iam.DisplayContent.BUTTON_LAYOUT_STACKED}" />
    </annotation>
  </item>
  <item name="com.urbanairship.iam.banner.BannerDisplayContent.Builder com.urbanairship.iam.banner.BannerDisplayContent.Builder setButtonLayout(java.lang.String) 0">
    <annotation name="androidx.annotation.StringDef">
      <val name="value" val="{com.urbanairship.iam.DisplayContent.BUTTON_LAYOUT_SEPARATE, com.urbanairship.iam.DisplayContent.BUTTON_LAYOUT_JOINED, com.urbanairship.iam.DisplayContent.BUTTON_LAYOUT_STACKED}" />
    </annotation>
  </item>
  <item name="com.urbanairship.iam.banner.BannerDisplayContent.Builder com.urbanairship.iam.banner.BannerDisplayContent.Builder setPlacement(java.lang.String) 0">
    <annotation name="androidx.annotation.StringDef">
      <val name="value" val="{com.urbanairship.iam.banner.BannerDisplayContent.PLACEMENT_TOP, com.urbanairship.iam.banner.BannerDisplayContent.PLACEMENT_BOTTOM}" />
    </annotation>
  </item>
  <item name="com.urbanairship.iam.banner.BannerDisplayContent.Builder com.urbanairship.iam.banner.BannerDisplayContent.Builder setTemplate(java.lang.String) 0">
    <annotation name="androidx.annotation.StringDef">
      <val name="value" val="{com.urbanairship.iam.banner.BannerDisplayContent.TEMPLATE_LEFT_MEDIA, com.urbanairship.iam.banner.BannerDisplayContent.TEMPLATE_RIGHT_MEDIA}" />
    </annotation>
  </item>
  <item name="com.urbanairship.iam.banner.BannerDisplayContent.Builder placement">
    <annotation name="androidx.annotation.StringDef">
      <val name="value" val="{com.urbanairship.iam.banner.BannerDisplayContent.PLACEMENT_TOP, com.urbanairship.iam.banner.BannerDisplayContent.PLACEMENT_BOTTOM}" />
    </annotation>
  </item>
  <item name="com.urbanairship.iam.banner.BannerDisplayContent.Builder template">
    <annotation name="androidx.annotation.StringDef">
      <val name="value" val="{com.urbanairship.iam.banner.BannerDisplayContent.TEMPLATE_LEFT_MEDIA, com.urbanairship.iam.banner.BannerDisplayContent.TEMPLATE_RIGHT_MEDIA}" />
    </annotation>
  </item>
  <item name="com.urbanairship.iam.banner.BannerDisplayContent.Placement">
    <annotation name="androidx.annotation.StringDef">
      <val name="value" val="{com.urbanairship.iam.banner.BannerDisplayContent.PLACEMENT_TOP, com.urbanairship.iam.banner.BannerDisplayContent.PLACEMENT_BOTTOM}" />
    </annotation>
  </item>
  <item name="com.urbanairship.iam.banner.BannerDisplayContent.Template">
    <annotation name="androidx.annotation.StringDef">
      <val name="value" val="{com.urbanairship.iam.banner.BannerDisplayContent.TEMPLATE_LEFT_MEDIA, com.urbanairship.iam.banner.BannerDisplayContent.TEMPLATE_RIGHT_MEDIA}" />
    </annotation>
  </item>
</root>

