<?xml version="1.0" encoding="UTF-8"?>
<root>
  <item name="com.urbanairship.automation.deferred.Deferred Deferred(android.net.Uri, boolean, java.lang.String) 2">
    <annotation name="androidx.annotation.StringDef">
      <val name="value" val="{com.urbanairship.automation.deferred.Deferred.TYPE_IN_APP_MESSAGE}" />
    </annotation>
  </item>
  <item name="com.urbanairship.automation.deferred.Deferred java.lang.String getType()">
    <annotation name="androidx.annotation.StringDef">
      <val name="value" val="{com.urbanairship.automation.deferred.Deferred.TYPE_IN_APP_MESSAGE}" />
    </annotation>
  </item>
  <item name="com.urbanairship.automation.deferred.Deferred.Type">
    <annotation name="androidx.annotation.StringDef">
      <val name="value" val="{com.urbanairship.automation.deferred.Deferred.TYPE_IN_APP_MESSAGE}" />
    </annotation>
  </item>
</root>

