<?xml version="1.0" encoding="UTF-8"?>
<root>
  <item name="com.urbanairship.iam.modal.ModalActivity int getTemplate(java.lang.String) 0">
    <annotation name="androidx.annotation.StringDef">
      <val name="value" val="{com.urbanairship.iam.modal.ModalDisplayContent.TEMPLATE_HEADER_MEDIA_BODY, com.urbanairship.iam.modal.ModalDisplayContent.TEMPLATE_MEDIA_HEADER_BODY, com.urbanairship.iam.modal.ModalDisplayContent.TEMPLATE_HEADER_BODY_MEDIA}" />
    </annotation>
  </item>
  <item name="com.urbanairship.iam.modal.ModalActivity java.lang.String normalizeTemplate(com.urbanairship.iam.modal.ModalDisplayContent)">
    <annotation name="androidx.annotation.StringDef">
      <val name="value" val="{com.urbanairship.iam.modal.ModalDisplayContent.TEMPLATE_HEADER_MEDIA_BODY, com.urbanairship.iam.modal.ModalDisplayContent.TEMPLATE_MEDIA_HEADER_BODY, com.urbanairship.iam.modal.ModalDisplayContent.TEMPLATE_HEADER_BODY_MEDIA}" />
    </annotation>
  </item>
  <item name="com.urbanairship.iam.modal.ModalDisplayContent buttonLayout">
    <annotation name="androidx.annotation.StringDef">
      <val name="value" val="{com.urbanairship.iam.DisplayContent.BUTTON_LAYOUT_SEPARATE, com.urbanairship.iam.DisplayContent.BUTTON_LAYOUT_JOINED, com.urbanairship.iam.DisplayContent.BUTTON_LAYOUT_STACKED}" />
    </annotation>
  </item>
  <item name="com.urbanairship.iam.modal.ModalDisplayContent java.lang.String getButtonLayout()">
    <annotation name="androidx.annotation.StringDef">
      <val name="value" val="{com.urbanairship.iam.DisplayContent.BUTTON_LAYOUT_SEPARATE, com.urbanairship.iam.DisplayContent.BUTTON_LAYOUT_JOINED, com.urbanairship.iam.DisplayContent.BUTTON_LAYOUT_STACKED}" />
    </annotation>
  </item>
  <item name="com.urbanairship.iam.modal.ModalDisplayContent java.lang.String getTemplate()">
    <annotation name="androidx.annotation.StringDef">
      <val name="value" val="{com.urbanairship.iam.modal.ModalDisplayContent.TEMPLATE_HEADER_MEDIA_BODY, com.urbanairship.iam.modal.ModalDisplayContent.TEMPLATE_MEDIA_HEADER_BODY, com.urbanairship.iam.modal.ModalDisplayContent.TEMPLATE_HEADER_BODY_MEDIA}" />
    </annotation>
  </item>
  <item name="com.urbanairship.iam.modal.ModalDisplayContent template">
    <annotation name="androidx.annotation.StringDef">
      <val name="value" val="{com.urbanairship.iam.modal.ModalDisplayContent.TEMPLATE_HEADER_MEDIA_BODY, com.urbanairship.iam.modal.ModalDisplayContent.TEMPLATE_MEDIA_HEADER_BODY, com.urbanairship.iam.modal.ModalDisplayContent.TEMPLATE_HEADER_BODY_MEDIA}" />
    </annotation>
  </item>
  <item name="com.urbanairship.iam.modal.ModalDisplayContent.Builder buttonLayout">
    <annotation name="androidx.annotation.StringDef">
      <val name="value" val="{com.urbanairship.iam.DisplayContent.BUTTON_LAYOUT_SEPARATE, com.urbanairship.iam.DisplayContent.BUTTON_LAYOUT_JOINED, com.urbanairship.iam.DisplayContent.BUTTON_LAYOUT_STACKED}" />
    </annotation>
  </item>
  <item name="com.urbanairship.iam.modal.ModalDisplayContent.Builder com.urbanairship.iam.modal.ModalDisplayContent.Builder setButtonLayout(java.lang.String) 0">
    <annotation name="androidx.annotation.StringDef">
      <val name="value" val="{com.urbanairship.iam.DisplayContent.BUTTON_LAYOUT_SEPARATE, com.urbanairship.iam.DisplayContent.BUTTON_LAYOUT_JOINED, com.urbanairship.iam.DisplayContent.BUTTON_LAYOUT_STACKED}" />
    </annotation>
  </item>
  <item name="com.urbanairship.iam.modal.ModalDisplayContent.Builder com.urbanairship.iam.modal.ModalDisplayContent.Builder setTemplate(java.lang.String) 0">
    <annotation name="androidx.annotation.StringDef">
      <val name="value" val="{com.urbanairship.iam.modal.ModalDisplayContent.TEMPLATE_HEADER_MEDIA_BODY, com.urbanairship.iam.modal.ModalDisplayContent.TEMPLATE_MEDIA_HEADER_BODY, com.urbanairship.iam.modal.ModalDisplayContent.TEMPLATE_HEADER_BODY_MEDIA}" />
    </annotation>
  </item>
  <item name="com.urbanairship.iam.modal.ModalDisplayContent.Builder template">
    <annotation name="androidx.annotation.StringDef">
      <val name="value" val="{com.urbanairship.iam.modal.ModalDisplayContent.TEMPLATE_HEADER_MEDIA_BODY, com.urbanairship.iam.modal.ModalDisplayContent.TEMPLATE_MEDIA_HEADER_BODY, com.urbanairship.iam.modal.ModalDisplayContent.TEMPLATE_HEADER_BODY_MEDIA}" />
    </annotation>
  </item>
  <item name="com.urbanairship.iam.modal.ModalDisplayContent.Template">
    <annotation name="androidx.annotation.StringDef">
      <val name="value" val="{com.urbanairship.iam.modal.ModalDisplayContent.TEMPLATE_HEADER_MEDIA_BODY, com.urbanairship.iam.modal.ModalDisplayContent.TEMPLATE_MEDIA_HEADER_BODY, com.urbanairship.iam.modal.ModalDisplayContent.TEMPLATE_HEADER_BODY_MEDIA}" />
    </annotation>
  </item>
</root>

