<?xml version="1.0" encoding="UTF-8"?>
<root>
  <item name="com.urbanairship.job.JobInfo int getConflictStrategy()">
    <annotation name="androidx.annotation.IntDef">
      <val name="value" val="{com.urbanairship.job.JobInfo.REPLACE, com.urbanairship.job.JobInfo.APPEND, com.urbanairship.job.JobInfo.KEEP}" />
    </annotation>
  </item>
  <item name="com.urbanairship.job.JobInfo.Builder com.urbanairship.job.JobInfo.Builder setConflictStrategy(int) 0">
    <annotation name="androidx.annotation.IntDef">
      <val name="value" val="{com.urbanairship.job.JobInfo.REPLACE, com.urbanairship.job.JobInfo.APPEND, com.urbanairship.job.JobInfo.KEEP}" />
    </annotation>
  </item>
  <item name="com.urbanairship.job.JobInfo.ConflictStrategy">
    <annotation name="androidx.annotation.IntDef">
      <val name="value" val="{com.urbanairship.job.JobInfo.REPLACE, com.urbanairship.job.JobInfo.APPEND, com.urbanairship.job.JobInfo.KEEP}" />
    </annotation>
  </item>
  <item name="com.urbanairship.job.WorkManagerScheduler androidx.work.ExistingWorkPolicy convertConflict(int) 0">
    <annotation name="androidx.annotation.IntDef">
      <val name="value" val="{com.urbanairship.job.JobInfo.REPLACE, com.urbanairship.job.JobInfo.APPEND, com.urbanairship.job.JobInfo.KEEP}" />
    </annotation>
  </item>
</root>

